Informaci�n relacionada a:,Percepciones adicionales en especie y su periodicidad
ID,FECHA CREACION, FECHA MODIFICACION,"DESCRIPCI�N DE LAS PERCEPCIONES ADICIONALES EN ESPECIE","PERIODICIDAD DE LAS PERCEPCIONES ADICIONALES EN ESPECIE"
52172317,"08/08/22","08/08/22","NO APLICA","NO APLICA"
52172318,"08/08/22","08/08/22","NO APLICA","NO APLICA"
52172319,"08/08/22","08/08/22","NO APLICA","NO APLICA"
52172320,"08/08/22","08/08/22","NO APLICA","NO APLICA"
52172321,"08/08/22","08/08/22","NO APLICA","NO APLICA"
52172322,"08/08/22","08/08/22","NO APLICA","NO APLICA"
52172413,"08/08/22","08/08/22","NO APLICA","NO APLICA"
52172414,"08/08/22","08/08/22","NO APLICA","NO APLICA"
52172415,"08/08/22","08/08/22","NO APLICA","NO APLICA"
52172416,"08/08/22","08/08/22","NO APLICA","NO APLICA"
52172417,"08/08/22","08/08/22","NO APLICA","NO APLICA"
52172418,"08/08/22","08/08/22","NO APLICA","NO APLICA"
52172509,"08/08/22","08/08/22","NO APLICA","NO APLICA"
52172510,"08/08/22","08/08/22","NO APLICA","NO APLICA"
52172511,"08/08/22","08/08/22","NO APLICA","NO APLICA"
52172512,"08/08/22","08/08/22","NO APLICA","NO APLICA"
52172513,"08/08/22","08/08/22","NO APLICA","NO APLICA"
52172514,"08/08/22","08/08/22","NO APLICA","NO APLICA"
52172605,"08/08/22","08/08/22","NO APLICA","NO APLICA"
52172606,"08/08/22","08/08/22","NO APLICA","NO APLICA"
52172607,"08/08/22","08/08/22","NO APLICA","NO APLICA"
52172608,"08/08/22","08/08/22","NO APLICA","NO APLICA"
52172609,"08/08/22","08/08/22","NO APLICA","NO APLICA"
52172610,"08/08/22","08/08/22","NO APLICA","NO APLICA"
52172701,"08/08/22","08/08/22","NO APLICA","NO APLICA"
52172702,"08/08/22","08/08/22","NO APLICA","NO APLICA"
52172703,"08/08/22","08/08/22","NO APLICA","NO APLICA"
52172704,"08/08/22","08/08/22","NO APLICA","NO APLICA"
52172705,"08/08/22","08/08/22","NO APLICA","NO APLICA"
52172706,"08/08/22","08/08/22","NO APLICA","NO APLICA"
52172708,"08/08/22","08/08/22","NO APLICA","NO APLICA"
52172709,"08/08/22","08/08/22","NO APLICA","NO APLICA"
52172710,"08/08/22","08/08/22","NO APLICA","NO APLICA"
52172711,"08/08/22","08/08/22","NO APLICA","NO APLICA"
52172712,"08/08/22","08/08/22","NO APLICA","NO APLICA"
52172713,"08/08/22","08/08/22","NO APLICA","NO APLICA"
52172719,"08/08/22","08/08/22","NO APLICA","NO APLICA"
52172720,"08/08/22","08/08/22","NO APLICA","NO APLICA"
52172721,"08/08/22","08/08/22","NO APLICA","NO APLICA"
52172722,"08/08/22","08/08/22","NO APLICA","NO APLICA"
52172723,"08/08/22","08/08/22","NO APLICA","NO APLICA"
52172724,"08/08/22","08/08/22","NO APLICA","NO APLICA"
52172737,"08/08/22","08/08/22","NO APLICA","NO APLICA"
52172738,"08/08/22","08/08/22","NO APLICA","NO APLICA"
52172739,"08/08/22","08/08/22","NO APLICA","NO APLICA"
52172740,"08/08/22","08/08/22","NO APLICA","NO APLICA"
52172741,"08/08/22","08/08/22","NO APLICA","NO APLICA"
52172742,"08/08/22","08/08/22","NO APLICA","NO APLICA"
52172761,"08/08/22","08/08/22","NO APLICA","NO APLICA"
52172762,"08/08/22","08/08/22","NO APLICA","NO APLICA"
52172763,"08/08/22","08/08/22","NO APLICA","NO APLICA"
52172764,"08/08/22","08/08/22","NO APLICA","NO APLICA"
52172765,"08/08/22","08/08/22","NO APLICA","NO APLICA"
52172766,"08/08/22","08/08/22","NO APLICA","NO APLICA"
52172791,"08/08/22","08/08/22","NO APLICA","NO APLICA"
52172792,"08/08/22","08/08/22","NO APLICA","NO APLICA"
52172793,"08/08/22","08/08/22","NO APLICA","NO APLICA"
52172794,"08/08/22","08/08/22","NO APLICA","NO APLICA"
52172795,"08/08/22","08/08/22","NO APLICA","NO APLICA"
52172796,"08/08/22","08/08/22","NO APLICA","NO APLICA"
52172863,"08/08/22","08/08/22","NO APLICA","NO APLICA"
52172864,"08/08/22","08/08/22","NO APLICA","NO APLICA"
52172865,"08/08/22","08/08/22","NO APLICA","NO APLICA"
52172866,"08/08/22","08/08/22","NO APLICA","NO APLICA"
52172867,"08/08/22","08/08/22","NO APLICA","NO APLICA"
52172868,"08/08/22","08/08/22","NO APLICA","NO APLICA"
52172905,"08/08/22","08/08/22","NO APLICA","NO APLICA"
52172906,"08/08/22","08/08/22","NO APLICA","NO APLICA"
52172907,"08/08/22","08/08/22","NO APLICA","NO APLICA"
52172908,"08/08/22","08/08/22","NO APLICA","NO APLICA"
52172909,"08/08/22","08/08/22","NO APLICA","NO APLICA"
52172910,"08/08/22","08/08/22","NO APLICA","NO APLICA"
52172953,"08/08/22","08/08/22","NO APLICA","NO APLICA"
52172954,"08/08/22","08/08/22","NO APLICA","NO APLICA"
52172955,"08/08/22","08/08/22","NO APLICA","NO APLICA"
52172956,"08/08/22","08/08/22","NO APLICA","NO APLICA"
52172957,"08/08/22","08/08/22","NO APLICA","NO APLICA"
52172958,"08/08/22","08/08/22","NO APLICA","NO APLICA"
52173011,"08/08/22","08/08/22","NO APLICA","NO APLICA"
52173012,"08/08/22","08/08/22","NO APLICA","NO APLICA"
52173013,"08/08/22","08/08/22","NO APLICA","NO APLICA"
52173014,"08/08/22","08/08/22","NO APLICA","NO APLICA"
52173015,"08/08/22","08/08/22","NO APLICA","NO APLICA"
52173016,"08/08/22","08/08/22","NO APLICA","NO APLICA"
52173077,"08/08/22","08/08/22","NO APLICA","NO APLICA"
52173078,"08/08/22","08/08/22","NO APLICA","NO APLICA"
52173079,"08/08/22","08/08/22","NO APLICA","NO APLICA"
52173080,"08/08/22","08/08/22","NO APLICA","NO APLICA"
52173081,"08/08/22","08/08/22","NO APLICA","NO APLICA"
52173082,"08/08/22","08/08/22","NO APLICA","NO APLICA"
52173149,"08/08/22","08/08/22","NO APLICA","NO APLICA"
52173150,"08/08/22","08/08/22","NO APLICA","NO APLICA"
52173151,"08/08/22","08/08/22","NO APLICA","NO APLICA"
52173152,"08/08/22","08/08/22","NO APLICA","NO APLICA"
52173153,"08/08/22","08/08/22","NO APLICA","NO APLICA"
52173154,"08/08/22","08/08/22","NO APLICA","NO APLICA"
52173221,"08/08/22","08/08/22","NO APLICA","NO APLICA"
52173222,"08/08/22","08/08/22","NO APLICA","NO APLICA"
52173223,"08/08/22","08/08/22","NO APLICA","NO APLICA"
52173224,"08/08/22","08/08/22","NO APLICA","NO APLICA"
52173225,"08/08/22","08/08/22","NO APLICA","NO APLICA"
52173226,"08/08/22","08/08/22","NO APLICA","NO APLICA"
52172323,"08/08/22","08/08/22","NO APLICA","NO APLICA"
52172324,"08/08/22","08/08/22","NO APLICA","NO APLICA"
52172325,"08/08/22","08/08/22","NO APLICA","NO APLICA"
52172326,"08/08/22","08/08/22","NO APLICA","NO APLICA"
52172327,"08/08/22","08/08/22","NO APLICA","NO APLICA"
52172328,"08/08/22","08/08/22","NO APLICA","NO APLICA"
52172419,"08/08/22","08/08/22","NO APLICA","NO APLICA"
52172420,"08/08/22","08/08/22","NO APLICA","NO APLICA"
52172421,"08/08/22","08/08/22","NO APLICA","NO APLICA"
52172422,"08/08/22","08/08/22","NO APLICA","NO APLICA"
52172423,"08/08/22","08/08/22","NO APLICA","NO APLICA"
52172424,"08/08/22","08/08/22","NO APLICA","NO APLICA"
52172515,"08/08/22","08/08/22","NO APLICA","NO APLICA"
52172516,"08/08/22","08/08/22","NO APLICA","NO APLICA"
52172517,"08/08/22","08/08/22","NO APLICA","NO APLICA"
52172518,"08/08/22","08/08/22","NO APLICA","NO APLICA"
52172519,"08/08/22","08/08/22","NO APLICA","NO APLICA"
52172520,"08/08/22","08/08/22","NO APLICA","NO APLICA"
52172611,"08/08/22","08/08/22","NO APLICA","NO APLICA"
52172612,"08/08/22","08/08/22","NO APLICA","NO APLICA"
52172613,"08/08/22","08/08/22","NO APLICA","NO APLICA"
52172614,"08/08/22","08/08/22","NO APLICA","NO APLICA"
52172615,"08/08/22","08/08/22","NO APLICA","NO APLICA"
52172616,"08/08/22","08/08/22","NO APLICA","NO APLICA"
52172707,"08/08/22","08/08/22","NO APLICA","NO APLICA"
52172714,"08/08/22","08/08/22","NO APLICA","NO APLICA"
52172715,"08/08/22","08/08/22","NO APLICA","NO APLICA"
52172716,"08/08/22","08/08/22","NO APLICA","NO APLICA"
52172717,"08/08/22","08/08/22","NO APLICA","NO APLICA"
52172718,"08/08/22","08/08/22","NO APLICA","NO APLICA"
52172725,"08/08/22","08/08/22","NO APLICA","NO APLICA"
52172726,"08/08/22","08/08/22","NO APLICA","NO APLICA"
52172727,"08/08/22","08/08/22","NO APLICA","NO APLICA"
52172728,"08/08/22","08/08/22","NO APLICA","NO APLICA"
52172729,"08/08/22","08/08/22","NO APLICA","NO APLICA"
52172730,"08/08/22","08/08/22","NO APLICA","NO APLICA"
52172743,"08/08/22","08/08/22","NO APLICA","NO APLICA"
52172744,"08/08/22","08/08/22","NO APLICA","NO APLICA"
52172745,"08/08/22","08/08/22","NO APLICA","NO APLICA"
52172746,"08/08/22","08/08/22","NO APLICA","NO APLICA"
52172747,"08/08/22","08/08/22","NO APLICA","NO APLICA"
52172748,"08/08/22","08/08/22","NO APLICA","NO APLICA"
52172767,"08/08/22","08/08/22","NO APLICA","NO APLICA"
52172768,"08/08/22","08/08/22","NO APLICA","NO APLICA"
52172769,"08/08/22","08/08/22","NO APLICA","NO APLICA"
52172770,"08/08/22","08/08/22","NO APLICA","NO APLICA"
52172771,"08/08/22","08/08/22","NO APLICA","NO APLICA"
52172772,"08/08/22","08/08/22","NO APLICA","NO APLICA"
52172797,"08/08/22","08/08/22","NO APLICA","NO APLICA"
52172798,"08/08/22","08/08/22","NO APLICA","NO APLICA"
52172799,"08/08/22","08/08/22","NO APLICA","NO APLICA"
52172800,"08/08/22","08/08/22","NO APLICA","NO APLICA"
52172801,"08/08/22","08/08/22","NO APLICA","NO APLICA"
52172802,"08/08/22","08/08/22","NO APLICA","NO APLICA"
52172827,"08/08/22","08/08/22","NO APLICA","NO APLICA"
52172828,"08/08/22","08/08/22","NO APLICA","NO APLICA"
52172829,"08/08/22","08/08/22","NO APLICA","NO APLICA"
52172830,"08/08/22","08/08/22","NO APLICA","NO APLICA"
52172831,"08/08/22","08/08/22","NO APLICA","NO APLICA"
52172832,"08/08/22","08/08/22","NO APLICA","NO APLICA"
52172911,"08/08/22","08/08/22","NO APLICA","NO APLICA"
52172912,"08/08/22","08/08/22","NO APLICA","NO APLICA"
52172913,"08/08/22","08/08/22","NO APLICA","NO APLICA"
52172914,"08/08/22","08/08/22","NO APLICA","NO APLICA"
52172915,"08/08/22","08/08/22","NO APLICA","NO APLICA"
52172916,"08/08/22","08/08/22","NO APLICA","NO APLICA"
52172959,"08/08/22","08/08/22","NO APLICA","NO APLICA"
52172960,"08/08/22","08/08/22","NO APLICA","NO APLICA"
52172961,"08/08/22","08/08/22","NO APLICA","NO APLICA"
52172962,"08/08/22","08/08/22","NO APLICA","NO APLICA"
52172963,"08/08/22","08/08/22","NO APLICA","NO APLICA"
52172964,"08/08/22","08/08/22","NO APLICA","NO APLICA"
52173017,"08/08/22","08/08/22","NO APLICA","NO APLICA"
52173018,"08/08/22","08/08/22","NO APLICA","NO APLICA"
52173019,"08/08/22","08/08/22","NO APLICA","NO APLICA"
52173020,"08/08/22","08/08/22","NO APLICA","NO APLICA"
52173021,"08/08/22","08/08/22","NO APLICA","NO APLICA"
52173022,"08/08/22","08/08/22","NO APLICA","NO APLICA"
52173083,"08/08/22","08/08/22","NO APLICA","NO APLICA"
52173084,"08/08/22","08/08/22","NO APLICA","NO APLICA"
52173085,"08/08/22","08/08/22","NO APLICA","NO APLICA"
52173086,"08/08/22","08/08/22","NO APLICA","NO APLICA"
52173087,"08/08/22","08/08/22","NO APLICA","NO APLICA"
52173088,"08/08/22","08/08/22","NO APLICA","NO APLICA"
52173155,"08/08/22","08/08/22","NO APLICA","NO APLICA"
52173156,"08/08/22","08/08/22","NO APLICA","NO APLICA"
52173157,"08/08/22","08/08/22","NO APLICA","NO APLICA"
52173158,"08/08/22","08/08/22","NO APLICA","NO APLICA"
52173159,"08/08/22","08/08/22","NO APLICA","NO APLICA"
52173160,"08/08/22","08/08/22","NO APLICA","NO APLICA"
52173227,"08/08/22","08/08/22","NO APLICA","NO APLICA"
52172329,"08/08/22","08/08/22","NO APLICA","NO APLICA"
52172330,"08/08/22","08/08/22","NO APLICA","NO APLICA"
52172331,"08/08/22","08/08/22","NO APLICA","NO APLICA"
52172332,"08/08/22","08/08/22","NO APLICA","NO APLICA"
52172333,"08/08/22","08/08/22","NO APLICA","NO APLICA"
52172334,"08/08/22","08/08/22","NO APLICA","NO APLICA"
52172425,"08/08/22","08/08/22","NO APLICA","NO APLICA"
52172426,"08/08/22","08/08/22","NO APLICA","NO APLICA"
52172427,"08/08/22","08/08/22","NO APLICA","NO APLICA"
52172428,"08/08/22","08/08/22","NO APLICA","NO APLICA"
52172429,"08/08/22","08/08/22","NO APLICA","NO APLICA"
52172430,"08/08/22","08/08/22","NO APLICA","NO APLICA"
52172521,"08/08/22","08/08/22","NO APLICA","NO APLICA"
52172522,"08/08/22","08/08/22","NO APLICA","NO APLICA"
52172523,"08/08/22","08/08/22","NO APLICA","NO APLICA"
52172524,"08/08/22","08/08/22","NO APLICA","NO APLICA"
52172525,"08/08/22","08/08/22","NO APLICA","NO APLICA"
52172526,"08/08/22","08/08/22","NO APLICA","NO APLICA"
52172617,"08/08/22","08/08/22","NO APLICA","NO APLICA"
52172618,"08/08/22","08/08/22","NO APLICA","NO APLICA"
52172619,"08/08/22","08/08/22","NO APLICA","NO APLICA"
52172620,"08/08/22","08/08/22","NO APLICA","NO APLICA"
52172621,"08/08/22","08/08/22","NO APLICA","NO APLICA"
52172622,"08/08/22","08/08/22","NO APLICA","NO APLICA"
52172731,"08/08/22","08/08/22","NO APLICA","NO APLICA"
52172732,"08/08/22","08/08/22","NO APLICA","NO APLICA"
52172733,"08/08/22","08/08/22","NO APLICA","NO APLICA"
52172734,"08/08/22","08/08/22","NO APLICA","NO APLICA"
52172735,"08/08/22","08/08/22","NO APLICA","NO APLICA"
52172736,"08/08/22","08/08/22","NO APLICA","NO APLICA"
52172749,"08/08/22","08/08/22","NO APLICA","NO APLICA"
52172750,"08/08/22","08/08/22","NO APLICA","NO APLICA"
52172751,"08/08/22","08/08/22","NO APLICA","NO APLICA"
52172752,"08/08/22","08/08/22","NO APLICA","NO APLICA"
52172753,"08/08/22","08/08/22","NO APLICA","NO APLICA"
52172754,"08/08/22","08/08/22","NO APLICA","NO APLICA"
52172773,"08/08/22","08/08/22","NO APLICA","NO APLICA"
52172774,"08/08/22","08/08/22","NO APLICA","NO APLICA"
52172775,"08/08/22","08/08/22","NO APLICA","NO APLICA"
52172776,"08/08/22","08/08/22","NO APLICA","NO APLICA"
52172777,"08/08/22","08/08/22","NO APLICA","NO APLICA"
52172778,"08/08/22","08/08/22","NO APLICA","NO APLICA"
52172803,"08/08/22","08/08/22","NO APLICA","NO APLICA"
52172804,"08/08/22","08/08/22","NO APLICA","NO APLICA"
52172805,"08/08/22","08/08/22","NO APLICA","NO APLICA"
52172806,"08/08/22","08/08/22","NO APLICA","NO APLICA"
52172807,"08/08/22","08/08/22","NO APLICA","NO APLICA"
52172808,"08/08/22","08/08/22","NO APLICA","NO APLICA"
52172833,"08/08/22","08/08/22","NO APLICA","NO APLICA"
52172834,"08/08/22","08/08/22","NO APLICA","NO APLICA"
52172835,"08/08/22","08/08/22","NO APLICA","NO APLICA"
52172836,"08/08/22","08/08/22","NO APLICA","NO APLICA"
52172837,"08/08/22","08/08/22","NO APLICA","NO APLICA"
52172838,"08/08/22","08/08/22","NO APLICA","NO APLICA"
52172869,"08/08/22","08/08/22","NO APLICA","NO APLICA"
52172870,"08/08/22","08/08/22","NO APLICA","NO APLICA"
52172871,"08/08/22","08/08/22","NO APLICA","NO APLICA"
52172872,"08/08/22","08/08/22","NO APLICA","NO APLICA"
52172873,"08/08/22","08/08/22","NO APLICA","NO APLICA"
52172874,"08/08/22","08/08/22","NO APLICA","NO APLICA"
52172965,"08/08/22","08/08/22","NO APLICA","NO APLICA"
52172966,"08/08/22","08/08/22","NO APLICA","NO APLICA"
52172967,"08/08/22","08/08/22","NO APLICA","NO APLICA"
52172968,"08/08/22","08/08/22","NO APLICA","NO APLICA"
52172969,"08/08/22","08/08/22","NO APLICA","NO APLICA"
52172970,"08/08/22","08/08/22","NO APLICA","NO APLICA"
52173023,"08/08/22","08/08/22","NO APLICA","NO APLICA"
52173024,"08/08/22","08/08/22","NO APLICA","NO APLICA"
52173025,"08/08/22","08/08/22","NO APLICA","NO APLICA"
52173026,"08/08/22","08/08/22","NO APLICA","NO APLICA"
52173027,"08/08/22","08/08/22","NO APLICA","NO APLICA"
52173028,"08/08/22","08/08/22","NO APLICA","NO APLICA"
52173089,"08/08/22","08/08/22","NO APLICA","NO APLICA"
52173090,"08/08/22","08/08/22","NO APLICA","NO APLICA"
52173091,"08/08/22","08/08/22","NO APLICA","NO APLICA"
52173092,"08/08/22","08/08/22","NO APLICA","NO APLICA"
52173093,"08/08/22","08/08/22","NO APLICA","NO APLICA"
52173094,"08/08/22","08/08/22","NO APLICA","NO APLICA"
52173161,"08/08/22","08/08/22","NO APLICA","NO APLICA"
52173162,"08/08/22","08/08/22","NO APLICA","NO APLICA"
52173163,"08/08/22","08/08/22","NO APLICA","NO APLICA"
52173164,"08/08/22","08/08/22","NO APLICA","NO APLICA"
52173165,"08/08/22","08/08/22","NO APLICA","NO APLICA"
52173166,"08/08/22","08/08/22","NO APLICA","NO APLICA"
52173252,"08/08/22","08/08/22","NO APLICA","NO APLICA"
52173253,"08/08/22","08/08/22","NO APLICA","NO APLICA"
52173254,"08/08/22","08/08/22","NO APLICA","NO APLICA"
52173255,"08/08/22","08/08/22","NO APLICA","NO APLICA"
52173256,"08/08/22","08/08/22","NO APLICA","NO APLICA"
52173257,"08/08/22","08/08/22","NO APLICA","NO APLICA"
52173264,"08/08/22","08/08/22","NO APLICA","NO APLICA"
52173265,"08/08/22","08/08/22","NO APLICA","NO APLICA"
52173266,"08/08/22","08/08/22","NO APLICA","NO APLICA"
52173267,"08/08/22","08/08/22","NO APLICA","NO APLICA"
52173268,"08/08/22","08/08/22","NO APLICA","NO APLICA"
52173269,"08/08/22","08/08/22","NO APLICA","NO APLICA"
52173282,"08/08/22","08/08/22","NO APLICA","NO APLICA"
52173283,"08/08/22","08/08/22","NO APLICA","NO APLICA"
52173284,"08/08/22","08/08/22","NO APLICA","NO APLICA"
52173285,"08/08/22","08/08/22","NO APLICA","NO APLICA"
52173286,"08/08/22","08/08/22","NO APLICA","NO APLICA"
52173287,"08/08/22","08/08/22","NO APLICA","NO APLICA"
52172289,"08/08/22","08/08/22","NO APLICA","NO APLICA"
52172335,"08/08/22","08/08/22","NO APLICA","NO APLICA"
52172336,"08/08/22","08/08/22","NO APLICA","NO APLICA"
52172337,"08/08/22","08/08/22","NO APLICA","NO APLICA"
52172338,"08/08/22","08/08/22","NO APLICA","NO APLICA"
52172339,"08/08/22","08/08/22","NO APLICA","NO APLICA"
52172340,"08/08/22","08/08/22","NO APLICA","NO APLICA"
52172431,"08/08/22","08/08/22","NO APLICA","NO APLICA"
52172432,"08/08/22","08/08/22","NO APLICA","NO APLICA"
52172433,"08/08/22","08/08/22","NO APLICA","NO APLICA"
52172434,"08/08/22","08/08/22","NO APLICA","NO APLICA"
52172435,"08/08/22","08/08/22","NO APLICA","NO APLICA"
52172436,"08/08/22","08/08/22","NO APLICA","NO APLICA"
52172527,"08/08/22","08/08/22","NO APLICA","NO APLICA"
52172528,"08/08/22","08/08/22","NO APLICA","NO APLICA"
52172529,"08/08/22","08/08/22","NO APLICA","NO APLICA"
52172530,"08/08/22","08/08/22","NO APLICA","NO APLICA"
52172531,"08/08/22","08/08/22","NO APLICA","NO APLICA"
52172532,"08/08/22","08/08/22","NO APLICA","NO APLICA"
52172623,"08/08/22","08/08/22","NO APLICA","NO APLICA"
52172624,"08/08/22","08/08/22","NO APLICA","NO APLICA"
52172625,"08/08/22","08/08/22","NO APLICA","NO APLICA"
52172626,"08/08/22","08/08/22","NO APLICA","NO APLICA"
52172627,"08/08/22","08/08/22","NO APLICA","NO APLICA"
52172628,"08/08/22","08/08/22","NO APLICA","NO APLICA"
52172755,"08/08/22","08/08/22","NO APLICA","NO APLICA"
52172756,"08/08/22","08/08/22","NO APLICA","NO APLICA"
52172757,"08/08/22","08/08/22","NO APLICA","NO APLICA"
52172758,"08/08/22","08/08/22","NO APLICA","NO APLICA"
52172759,"08/08/22","08/08/22","NO APLICA","NO APLICA"
52172760,"08/08/22","08/08/22","NO APLICA","NO APLICA"
52172779,"08/08/22","08/08/22","NO APLICA","NO APLICA"
52172780,"08/08/22","08/08/22","NO APLICA","NO APLICA"
52172781,"08/08/22","08/08/22","NO APLICA","NO APLICA"
52172782,"08/08/22","08/08/22","NO APLICA","NO APLICA"
52172783,"08/08/22","08/08/22","NO APLICA","NO APLICA"
52172784,"08/08/22","08/08/22","NO APLICA","NO APLICA"
52172809,"08/08/22","08/08/22","NO APLICA","NO APLICA"
52172810,"08/08/22","08/08/22","NO APLICA","NO APLICA"
52172811,"08/08/22","08/08/22","NO APLICA","NO APLICA"
52172812,"08/08/22","08/08/22","NO APLICA","NO APLICA"
52172813,"08/08/22","08/08/22","NO APLICA","NO APLICA"
52172814,"08/08/22","08/08/22","NO APLICA","NO APLICA"
52172839,"08/08/22","08/08/22","NO APLICA","NO APLICA"
52172840,"08/08/22","08/08/22","NO APLICA","NO APLICA"
52172841,"08/08/22","08/08/22","NO APLICA","NO APLICA"
52172842,"08/08/22","08/08/22","NO APLICA","NO APLICA"
52172843,"08/08/22","08/08/22","NO APLICA","NO APLICA"
52172844,"08/08/22","08/08/22","NO APLICA","NO APLICA"
52172875,"08/08/22","08/08/22","NO APLICA","NO APLICA"
52172876,"08/08/22","08/08/22","NO APLICA","NO APLICA"
52172877,"08/08/22","08/08/22","NO APLICA","NO APLICA"
52172878,"08/08/22","08/08/22","NO APLICA","NO APLICA"
52172879,"08/08/22","08/08/22","NO APLICA","NO APLICA"
52172880,"08/08/22","08/08/22","NO APLICA","NO APLICA"
52172917,"08/08/22","08/08/22","NO APLICA","NO APLICA"
52172918,"08/08/22","08/08/22","NO APLICA","NO APLICA"
52172919,"08/08/22","08/08/22","NO APLICA","NO APLICA"
52172920,"08/08/22","08/08/22","NO APLICA","NO APLICA"
52172921,"08/08/22","08/08/22","NO APLICA","NO APLICA"
52172922,"08/08/22","08/08/22","NO APLICA","NO APLICA"
52172971,"08/08/22","08/08/22","NO APLICA","NO APLICA"
52172972,"08/08/22","08/08/22","NO APLICA","NO APLICA"
52172973,"08/08/22","08/08/22","NO APLICA","NO APLICA"
52172974,"08/08/22","08/08/22","NO APLICA","NO APLICA"
52173029,"08/08/22","08/08/22","NO APLICA","NO APLICA"
52173030,"08/08/22","08/08/22","NO APLICA","NO APLICA"
52173031,"08/08/22","08/08/22","NO APLICA","NO APLICA"
52173032,"08/08/22","08/08/22","NO APLICA","NO APLICA"
52173033,"08/08/22","08/08/22","NO APLICA","NO APLICA"
52173034,"08/08/22","08/08/22","NO APLICA","NO APLICA"
52173095,"08/08/22","08/08/22","NO APLICA","NO APLICA"
52173096,"08/08/22","08/08/22","NO APLICA","NO APLICA"
52173097,"08/08/22","08/08/22","NO APLICA","NO APLICA"
52173098,"08/08/22","08/08/22","NO APLICA","NO APLICA"
52173099,"08/08/22","08/08/22","NO APLICA","NO APLICA"
52173100,"08/08/22","08/08/22","NO APLICA","NO APLICA"
52173167,"08/08/22","08/08/22","NO APLICA","NO APLICA"
52173168,"08/08/22","08/08/22","NO APLICA","NO APLICA"
52173169,"08/08/22","08/08/22","NO APLICA","NO APLICA"
52173170,"08/08/22","08/08/22","NO APLICA","NO APLICA"
52173171,"08/08/22","08/08/22","NO APLICA","NO APLICA"
52173172,"08/08/22","08/08/22","NO APLICA","NO APLICA"
52173306,"08/08/22","08/08/22","NO APLICA","NO APLICA"
52173307,"08/08/22","08/08/22","NO APLICA","NO APLICA"
52173308,"08/08/22","08/08/22","NO APLICA","NO APLICA"
52173309,"08/08/22","08/08/22","NO APLICA","NO APLICA"
52173310,"08/08/22","08/08/22","NO APLICA","NO APLICA"
52173311,"08/08/22","08/08/22","NO APLICA","NO APLICA"
52173318,"08/08/22","08/08/22","NO APLICA","NO APLICA"
52173319,"08/08/22","08/08/22","NO APLICA","NO APLICA"
52173320,"08/08/22","08/08/22","NO APLICA","NO APLICA"
52173321,"08/08/22","08/08/22","NO APLICA","NO APLICA"
52173322,"08/08/22","08/08/22","NO APLICA","NO APLICA"
52173323,"08/08/22","08/08/22","NO APLICA","NO APLICA"
52173330,"08/08/22","08/08/22","NO APLICA","NO APLICA"
52173331,"08/08/22","08/08/22","NO APLICA","NO APLICA"
52173332,"08/08/22","08/08/22","NO APLICA","NO APLICA"
52173333,"08/08/22","08/08/22","NO APLICA","NO APLICA"
52173334,"08/08/22","08/08/22","NO APLICA","NO APLICA"
52173335,"08/08/22","08/08/22","NO APLICA","NO APLICA"
52173342,"08/08/22","08/08/22","NO APLICA","NO APLICA"
52173343,"08/08/22","08/08/22","NO APLICA","NO APLICA"
52173344,"08/08/22","08/08/22","NO APLICA","NO APLICA"
52173345,"08/08/22","08/08/22","NO APLICA","NO APLICA"
52173346,"08/08/22","08/08/22","NO APLICA","NO APLICA"
52173347,"08/08/22","08/08/22","NO APLICA","NO APLICA"
52172341,"08/08/22","08/08/22","NO APLICA","NO APLICA"
52172342,"08/08/22","08/08/22","NO APLICA","NO APLICA"
52172343,"08/08/22","08/08/22","NO APLICA","NO APLICA"
52172344,"08/08/22","08/08/22","NO APLICA","NO APLICA"
52172345,"08/08/22","08/08/22","NO APLICA","NO APLICA"
52172346,"08/08/22","08/08/22","NO APLICA","NO APLICA"
52172437,"08/08/22","08/08/22","NO APLICA","NO APLICA"
52172438,"08/08/22","08/08/22","NO APLICA","NO APLICA"
52172439,"08/08/22","08/08/22","NO APLICA","NO APLICA"
52172440,"08/08/22","08/08/22","NO APLICA","NO APLICA"
52172441,"08/08/22","08/08/22","NO APLICA","NO APLICA"
52172442,"08/08/22","08/08/22","NO APLICA","NO APLICA"
52172533,"08/08/22","08/08/22","NO APLICA","NO APLICA"
52172534,"08/08/22","08/08/22","NO APLICA","NO APLICA"
52172535,"08/08/22","08/08/22","NO APLICA","NO APLICA"
52172536,"08/08/22","08/08/22","NO APLICA","NO APLICA"
52172537,"08/08/22","08/08/22","NO APLICA","NO APLICA"
52172538,"08/08/22","08/08/22","NO APLICA","NO APLICA"
52172629,"08/08/22","08/08/22","NO APLICA","NO APLICA"
52172630,"08/08/22","08/08/22","NO APLICA","NO APLICA"
52172631,"08/08/22","08/08/22","NO APLICA","NO APLICA"
52172632,"08/08/22","08/08/22","NO APLICA","NO APLICA"
52172633,"08/08/22","08/08/22","NO APLICA","NO APLICA"
52172634,"08/08/22","08/08/22","NO APLICA","NO APLICA"
52172785,"08/08/22","08/08/22","NO APLICA","NO APLICA"
52172786,"08/08/22","08/08/22","NO APLICA","NO APLICA"
52172787,"08/08/22","08/08/22","NO APLICA","NO APLICA"
52172788,"08/08/22","08/08/22","NO APLICA","NO APLICA"
52172789,"08/08/22","08/08/22","NO APLICA","NO APLICA"
52172790,"08/08/22","08/08/22","NO APLICA","NO APLICA"
52172815,"08/08/22","08/08/22","NO APLICA","NO APLICA"
52172816,"08/08/22","08/08/22","NO APLICA","NO APLICA"
52172817,"08/08/22","08/08/22","NO APLICA","NO APLICA"
52172818,"08/08/22","08/08/22","NO APLICA","NO APLICA"
52172819,"08/08/22","08/08/22","NO APLICA","NO APLICA"
52172820,"08/08/22","08/08/22","NO APLICA","NO APLICA"
52172845,"08/08/22","08/08/22","NO APLICA","NO APLICA"
52172846,"08/08/22","08/08/22","NO APLICA","NO APLICA"
52172847,"08/08/22","08/08/22","NO APLICA","NO APLICA"
52172848,"08/08/22","08/08/22","NO APLICA","NO APLICA"
52172849,"08/08/22","08/08/22","NO APLICA","NO APLICA"
52172850,"08/08/22","08/08/22","NO APLICA","NO APLICA"
52172881,"08/08/22","08/08/22","NO APLICA","NO APLICA"
52172882,"08/08/22","08/08/22","NO APLICA","NO APLICA"
52172883,"08/08/22","08/08/22","NO APLICA","NO APLICA"
52172884,"08/08/22","08/08/22","NO APLICA","NO APLICA"
52172885,"08/08/22","08/08/22","NO APLICA","NO APLICA"
52172886,"08/08/22","08/08/22","NO APLICA","NO APLICA"
52172923,"08/08/22","08/08/22","NO APLICA","NO APLICA"
52172924,"08/08/22","08/08/22","NO APLICA","NO APLICA"
52172925,"08/08/22","08/08/22","NO APLICA","NO APLICA"
52172926,"08/08/22","08/08/22","NO APLICA","NO APLICA"
52172927,"08/08/22","08/08/22","NO APLICA","NO APLICA"
52172928,"08/08/22","08/08/22","NO APLICA","NO APLICA"
52172975,"08/08/22","08/08/22","NO APLICA","NO APLICA"
52172976,"08/08/22","08/08/22","NO APLICA","NO APLICA"
52172977,"08/08/22","08/08/22","NO APLICA","NO APLICA"
52172978,"08/08/22","08/08/22","NO APLICA","NO APLICA"
52172979,"08/08/22","08/08/22","NO APLICA","NO APLICA"
52172980,"08/08/22","08/08/22","NO APLICA","NO APLICA"
52173035,"08/08/22","08/08/22","NO APLICA","NO APLICA"
52173036,"08/08/22","08/08/22","NO APLICA","NO APLICA"
52173037,"08/08/22","08/08/22","NO APLICA","NO APLICA"
52173038,"08/08/22","08/08/22","NO APLICA","NO APLICA"
52173039,"08/08/22","08/08/22","NO APLICA","NO APLICA"
52173040,"08/08/22","08/08/22","NO APLICA","NO APLICA"
52173101,"08/08/22","08/08/22","NO APLICA","NO APLICA"
52173102,"08/08/22","08/08/22","NO APLICA","NO APLICA"
52173103,"08/08/22","08/08/22","NO APLICA","NO APLICA"
52173104,"08/08/22","08/08/22","NO APLICA","NO APLICA"
52173105,"08/08/22","08/08/22","NO APLICA","NO APLICA"
52173106,"08/08/22","08/08/22","NO APLICA","NO APLICA"
52173173,"08/08/22","08/08/22","NO APLICA","NO APLICA"
52173174,"08/08/22","08/08/22","NO APLICA","NO APLICA"
52173175,"08/08/22","08/08/22","NO APLICA","NO APLICA"
52173176,"08/08/22","08/08/22","NO APLICA","NO APLICA"
52173177,"08/08/22","08/08/22","NO APLICA","NO APLICA"
52173178,"08/08/22","08/08/22","NO APLICA","NO APLICA"
52173354,"08/08/22","08/08/22","NO APLICA","NO APLICA"
52173355,"08/08/22","08/08/22","NO APLICA","NO APLICA"
52173356,"08/08/22","08/08/22","NO APLICA","NO APLICA"
52173357,"08/08/22","08/08/22","NO APLICA","NO APLICA"
52173358,"08/08/22","08/08/22","NO APLICA","NO APLICA"
52173359,"08/08/22","08/08/22","NO APLICA","NO APLICA"
52173360,"08/08/22","08/08/22","NO APLICA","NO APLICA"
52173361,"08/08/22","08/08/22","NO APLICA","NO APLICA"
52173362,"08/08/22","08/08/22","NO APLICA","NO APLICA"
52173363,"08/08/22","08/08/22","NO APLICA","NO APLICA"
52173364,"08/08/22","08/08/22","NO APLICA","NO APLICA"
52173365,"08/08/22","08/08/22","NO APLICA","NO APLICA"
52173366,"08/08/22","08/08/22","NO APLICA","NO APLICA"
52173367,"08/08/22","08/08/22","NO APLICA","NO APLICA"
52173368,"08/08/22","08/08/22","NO APLICA","NO APLICA"
52173369,"08/08/22","08/08/22","NO APLICA","NO APLICA"
52173370,"08/08/22","08/08/22","NO APLICA","NO APLICA"
52173371,"08/08/22","08/08/22","NO APLICA","NO APLICA"
52173372,"08/08/22","08/08/22","NO APLICA","NO APLICA"
52173373,"08/08/22","08/08/22","NO APLICA","NO APLICA"
52173374,"08/08/22","08/08/22","NO APLICA","NO APLICA"
52173375,"08/08/22","08/08/22","NO APLICA","NO APLICA"
52173376,"08/08/22","08/08/22","NO APLICA","NO APLICA"
52173377,"08/08/22","08/08/22","NO APLICA","NO APLICA"
52172347,"08/08/22","08/08/22","NO APLICA","NO APLICA"
52172348,"08/08/22","08/08/22","NO APLICA","NO APLICA"
52172349,"08/08/22","08/08/22","NO APLICA","NO APLICA"
52172350,"08/08/22","08/08/22","NO APLICA","NO APLICA"
52172351,"08/08/22","08/08/22","NO APLICA","NO APLICA"
52172352,"08/08/22","08/08/22","NO APLICA","NO APLICA"
52172443,"08/08/22","08/08/22","NO APLICA","NO APLICA"
52172444,"08/08/22","08/08/22","NO APLICA","NO APLICA"
52172445,"08/08/22","08/08/22","NO APLICA","NO APLICA"
52172446,"08/08/22","08/08/22","NO APLICA","NO APLICA"
52172447,"08/08/22","08/08/22","NO APLICA","NO APLICA"
52172448,"08/08/22","08/08/22","NO APLICA","NO APLICA"
52172539,"08/08/22","08/08/22","NO APLICA","NO APLICA"
52172540,"08/08/22","08/08/22","NO APLICA","NO APLICA"
52172541,"08/08/22","08/08/22","NO APLICA","NO APLICA"
52172542,"08/08/22","08/08/22","NO APLICA","NO APLICA"
52172543,"08/08/22","08/08/22","NO APLICA","NO APLICA"
52172544,"08/08/22","08/08/22","NO APLICA","NO APLICA"
52172635,"08/08/22","08/08/22","NO APLICA","NO APLICA"
52172636,"08/08/22","08/08/22","NO APLICA","NO APLICA"
52172637,"08/08/22","08/08/22","NO APLICA","NO APLICA"
52172638,"08/08/22","08/08/22","NO APLICA","NO APLICA"
52172639,"08/08/22","08/08/22","NO APLICA","NO APLICA"
52172640,"08/08/22","08/08/22","NO APLICA","NO APLICA"
52172821,"08/08/22","08/08/22","NO APLICA","NO APLICA"
52172822,"08/08/22","08/08/22","NO APLICA","NO APLICA"
52172823,"08/08/22","08/08/22","NO APLICA","NO APLICA"
52172824,"08/08/22","08/08/22","NO APLICA","NO APLICA"
52172825,"08/08/22","08/08/22","NO APLICA","NO APLICA"
52172826,"08/08/22","08/08/22","NO APLICA","NO APLICA"
52172851,"08/08/22","08/08/22","NO APLICA","NO APLICA"
52172852,"08/08/22","08/08/22","NO APLICA","NO APLICA"
52172853,"08/08/22","08/08/22","NO APLICA","NO APLICA"
52172854,"08/08/22","08/08/22","NO APLICA","NO APLICA"
52172855,"08/08/22","08/08/22","NO APLICA","NO APLICA"
52172856,"08/08/22","08/08/22","NO APLICA","NO APLICA"
52172887,"08/08/22","08/08/22","NO APLICA","NO APLICA"
52172888,"08/08/22","08/08/22","NO APLICA","NO APLICA"
52172889,"08/08/22","08/08/22","NO APLICA","NO APLICA"
52172890,"08/08/22","08/08/22","NO APLICA","NO APLICA"
52172891,"08/08/22","08/08/22","NO APLICA","NO APLICA"
52172892,"08/08/22","08/08/22","NO APLICA","NO APLICA"
52172929,"08/08/22","08/08/22","NO APLICA","NO APLICA"
52172930,"08/08/22","08/08/22","NO APLICA","NO APLICA"
52172931,"08/08/22","08/08/22","NO APLICA","NO APLICA"
52172932,"08/08/22","08/08/22","NO APLICA","NO APLICA"
52172933,"08/08/22","08/08/22","NO APLICA","NO APLICA"
52172934,"08/08/22","08/08/22","NO APLICA","NO APLICA"
52172981,"08/08/22","08/08/22","NO APLICA","NO APLICA"
52172982,"08/08/22","08/08/22","NO APLICA","NO APLICA"
52172983,"08/08/22","08/08/22","NO APLICA","NO APLICA"
52172984,"08/08/22","08/08/22","NO APLICA","NO APLICA"
52172985,"08/08/22","08/08/22","NO APLICA","NO APLICA"
52172986,"08/08/22","08/08/22","NO APLICA","NO APLICA"
52173041,"08/08/22","08/08/22","NO APLICA","NO APLICA"
52173042,"08/08/22","08/08/22","NO APLICA","NO APLICA"
52173043,"08/08/22","08/08/22","NO APLICA","NO APLICA"
52173044,"08/08/22","08/08/22","NO APLICA","NO APLICA"
52173045,"08/08/22","08/08/22","NO APLICA","NO APLICA"
52173046,"08/08/22","08/08/22","NO APLICA","NO APLICA"
52173107,"08/08/22","08/08/22","NO APLICA","NO APLICA"
52173108,"08/08/22","08/08/22","NO APLICA","NO APLICA"
52173109,"08/08/22","08/08/22","NO APLICA","NO APLICA"
52173110,"08/08/22","08/08/22","NO APLICA","NO APLICA"
52173111,"08/08/22","08/08/22","NO APLICA","NO APLICA"
52173112,"08/08/22","08/08/22","NO APLICA","NO APLICA"
52173179,"08/08/22","08/08/22","NO APLICA","NO APLICA"
52173180,"08/08/22","08/08/22","NO APLICA","NO APLICA"
52173181,"08/08/22","08/08/22","NO APLICA","NO APLICA"
52173182,"08/08/22","08/08/22","NO APLICA","NO APLICA"
52173183,"08/08/22","08/08/22","NO APLICA","NO APLICA"
52173184,"08/08/22","08/08/22","NO APLICA","NO APLICA"
52173378,"08/08/22","08/08/22","NO APLICA","NO APLICA"
52173379,"08/08/22","08/08/22","NO APLICA","NO APLICA"
52173380,"08/08/22","08/08/22","NO APLICA","NO APLICA"
52173381,"08/08/22","08/08/22","NO APLICA","NO APLICA"
52173382,"08/08/22","08/08/22","NO APLICA","NO APLICA"
52173383,"08/08/22","08/08/22","NO APLICA","NO APLICA"
52173384,"08/08/22","08/08/22","NO APLICA","NO APLICA"
52173385,"08/08/22","08/08/22","NO APLICA","NO APLICA"
52173386,"08/08/22","08/08/22","NO APLICA","NO APLICA"
52173387,"08/08/22","08/08/22","NO APLICA","NO APLICA"
52173388,"08/08/22","08/08/22","NO APLICA","NO APLICA"
52173389,"08/08/22","08/08/22","NO APLICA","NO APLICA"
52173390,"08/08/22","08/08/22","NO APLICA","NO APLICA"
52173391,"08/08/22","08/08/22","NO APLICA","NO APLICA"
52173392,"08/08/22","08/08/22","NO APLICA","NO APLICA"
52173393,"08/08/22","08/08/22","NO APLICA","NO APLICA"
52173394,"08/08/22","08/08/22","NO APLICA","NO APLICA"
52173395,"08/08/22","08/08/22","NO APLICA","NO APLICA"
52173396,"08/08/22","08/08/22","NO APLICA","NO APLICA"
52173397,"08/08/22","08/08/22","NO APLICA","NO APLICA"
52173398,"08/08/22","08/08/22","NO APLICA","NO APLICA"
52173399,"08/08/22","08/08/22","NO APLICA","NO APLICA"
52173400,"08/08/22","08/08/22","NO APLICA","NO APLICA"
52173401,"08/08/22","08/08/22","NO APLICA","NO APLICA"
52173402,"08/08/22","08/08/22","NO APLICA","NO APLICA"
52173403,"08/08/22","08/08/22","NO APLICA","NO APLICA"
52173404,"08/08/22","08/08/22","NO APLICA","NO APLICA"
52173405,"08/08/22","08/08/22","NO APLICA","NO APLICA"
52173406,"08/08/22","08/08/22","NO APLICA","NO APLICA"
52173407,"08/08/22","08/08/22","NO APLICA","NO APLICA"
52172353,"08/08/22","08/08/22","NO APLICA","NO APLICA"
52172354,"08/08/22","08/08/22","NO APLICA","NO APLICA"
52172355,"08/08/22","08/08/22","NO APLICA","NO APLICA"
52172356,"08/08/22","08/08/22","NO APLICA","NO APLICA"
52172357,"08/08/22","08/08/22","NO APLICA","NO APLICA"
52172358,"08/08/22","08/08/22","NO APLICA","NO APLICA"
52172449,"08/08/22","08/08/22","NO APLICA","NO APLICA"
52172450,"08/08/22","08/08/22","NO APLICA","NO APLICA"
52172451,"08/08/22","08/08/22","NO APLICA","NO APLICA"
52172452,"08/08/22","08/08/22","NO APLICA","NO APLICA"
52172453,"08/08/22","08/08/22","NO APLICA","NO APLICA"
52172454,"08/08/22","08/08/22","NO APLICA","NO APLICA"
52172545,"08/08/22","08/08/22","NO APLICA","NO APLICA"
52172546,"08/08/22","08/08/22","NO APLICA","NO APLICA"
52172547,"08/08/22","08/08/22","NO APLICA","NO APLICA"
52172548,"08/08/22","08/08/22","NO APLICA","NO APLICA"
52172549,"08/08/22","08/08/22","NO APLICA","NO APLICA"
52172550,"08/08/22","08/08/22","NO APLICA","NO APLICA"
52172641,"08/08/22","08/08/22","NO APLICA","NO APLICA"
52172642,"08/08/22","08/08/22","NO APLICA","NO APLICA"
52172643,"08/08/22","08/08/22","NO APLICA","NO APLICA"
52172644,"08/08/22","08/08/22","NO APLICA","NO APLICA"
52172645,"08/08/22","08/08/22","NO APLICA","NO APLICA"
52172646,"08/08/22","08/08/22","NO APLICA","NO APLICA"
52172857,"08/08/22","08/08/22","NO APLICA","NO APLICA"
52172858,"08/08/22","08/08/22","NO APLICA","NO APLICA"
52172859,"08/08/22","08/08/22","NO APLICA","NO APLICA"
52172860,"08/08/22","08/08/22","NO APLICA","NO APLICA"
52172861,"08/08/22","08/08/22","NO APLICA","NO APLICA"
52172862,"08/08/22","08/08/22","NO APLICA","NO APLICA"
52172893,"08/08/22","08/08/22","NO APLICA","NO APLICA"
52172894,"08/08/22","08/08/22","NO APLICA","NO APLICA"
52172895,"08/08/22","08/08/22","NO APLICA","NO APLICA"
52172896,"08/08/22","08/08/22","NO APLICA","NO APLICA"
52172897,"08/08/22","08/08/22","NO APLICA","NO APLICA"
52172898,"08/08/22","08/08/22","NO APLICA","NO APLICA"
52172935,"08/08/22","08/08/22","NO APLICA","NO APLICA"
52172936,"08/08/22","08/08/22","NO APLICA","NO APLICA"
52172937,"08/08/22","08/08/22","NO APLICA","NO APLICA"
52172938,"08/08/22","08/08/22","NO APLICA","NO APLICA"
52172939,"08/08/22","08/08/22","NO APLICA","NO APLICA"
52172940,"08/08/22","08/08/22","NO APLICA","NO APLICA"
52172987,"08/08/22","08/08/22","NO APLICA","NO APLICA"
52172988,"08/08/22","08/08/22","NO APLICA","NO APLICA"
52172989,"08/08/22","08/08/22","NO APLICA","NO APLICA"
52172990,"08/08/22","08/08/22","NO APLICA","NO APLICA"
52172991,"08/08/22","08/08/22","NO APLICA","NO APLICA"
52172992,"08/08/22","08/08/22","NO APLICA","NO APLICA"
52173047,"08/08/22","08/08/22","NO APLICA","NO APLICA"
52173048,"08/08/22","08/08/22","NO APLICA","NO APLICA"
52173049,"08/08/22","08/08/22","NO APLICA","NO APLICA"
52173050,"08/08/22","08/08/22","NO APLICA","NO APLICA"
52173051,"08/08/22","08/08/22","NO APLICA","NO APLICA"
52173052,"08/08/22","08/08/22","NO APLICA","NO APLICA"
52173113,"08/08/22","08/08/22","NO APLICA","NO APLICA"
52173114,"08/08/22","08/08/22","NO APLICA","NO APLICA"
52173115,"08/08/22","08/08/22","NO APLICA","NO APLICA"
52173116,"08/08/22","08/08/22","NO APLICA","NO APLICA"
52173117,"08/08/22","08/08/22","NO APLICA","NO APLICA"
52173118,"08/08/22","08/08/22","NO APLICA","NO APLICA"
52173185,"08/08/22","08/08/22","NO APLICA","NO APLICA"
52173186,"08/08/22","08/08/22","NO APLICA","NO APLICA"
52173187,"08/08/22","08/08/22","NO APLICA","NO APLICA"
52173188,"08/08/22","08/08/22","NO APLICA","NO APLICA"
52173189,"08/08/22","08/08/22","NO APLICA","NO APLICA"
52173190,"08/08/22","08/08/22","NO APLICA","NO APLICA"
52173408,"08/08/22","08/08/22","NO APLICA","NO APLICA"
52173409,"08/08/22","08/08/22","NO APLICA","NO APLICA"
52173410,"08/08/22","08/08/22","NO APLICA","NO APLICA"
52173411,"08/08/22","08/08/22","NO APLICA","NO APLICA"
52173412,"08/08/22","08/08/22","NO APLICA","NO APLICA"
52173413,"08/08/22","08/08/22","NO APLICA","NO APLICA"
52173415,"08/08/22","08/08/22","NO APLICA","NO APLICA"
52173416,"08/08/22","08/08/22","NO APLICA","NO APLICA"
52173417,"08/08/22","08/08/22","NO APLICA","NO APLICA"
52173418,"08/08/22","08/08/22","NO APLICA","NO APLICA"
52173419,"08/08/22","08/08/22","NO APLICA","NO APLICA"
52173420,"08/08/22","08/08/22","NO APLICA","NO APLICA"
52173421,"08/08/22","08/08/22","NO APLICA","NO APLICA"
52173422,"08/08/22","08/08/22","NO APLICA","NO APLICA"
52173423,"08/08/22","08/08/22","NO APLICA","NO APLICA"
52173424,"08/08/22","08/08/22","NO APLICA","NO APLICA"
52173425,"08/08/22","08/08/22","NO APLICA","NO APLICA"
52173426,"08/08/22","08/08/22","NO APLICA","NO APLICA"
52173427,"08/08/22","08/08/22","NO APLICA","NO APLICA"
52173428,"08/08/22","08/08/22","NO APLICA","NO APLICA"
52173429,"08/08/22","08/08/22","NO APLICA","NO APLICA"
52173430,"08/08/22","08/08/22","NO APLICA","NO APLICA"
52173431,"08/08/22","08/08/22","NO APLICA","NO APLICA"
52173432,"08/08/22","08/08/22","NO APLICA","NO APLICA"
52173433,"08/08/22","08/08/22","NO APLICA","NO APLICA"
52173434,"08/08/22","08/08/22","NO APLICA","NO APLICA"
52173435,"08/08/22","08/08/22","NO APLICA","NO APLICA"
52173436,"08/08/22","08/08/22","NO APLICA","NO APLICA"
52173437,"08/08/22","08/08/22","NO APLICA","NO APLICA"
52173438,"08/08/22","08/08/22","NO APLICA","NO APLICA"
52173445,"08/08/22","08/08/22","NO APLICA","NO APLICA"
52173446,"08/08/22","08/08/22","NO APLICA","NO APLICA"
52173447,"08/08/22","08/08/22","NO APLICA","NO APLICA"
52173448,"08/08/22","08/08/22","NO APLICA","NO APLICA"
52173449,"08/08/22","08/08/22","NO APLICA","NO APLICA"
52173450,"08/08/22","08/08/22","NO APLICA","NO APLICA"
52172359,"08/08/22","08/08/22","NO APLICA","NO APLICA"
52172360,"08/08/22","08/08/22","NO APLICA","NO APLICA"
52172361,"08/08/22","08/08/22","NO APLICA","NO APLICA"
52172362,"08/08/22","08/08/22","NO APLICA","NO APLICA"
52172363,"08/08/22","08/08/22","NO APLICA","NO APLICA"
52172364,"08/08/22","08/08/22","NO APLICA","NO APLICA"
52172455,"08/08/22","08/08/22","NO APLICA","NO APLICA"
52172456,"08/08/22","08/08/22","NO APLICA","NO APLICA"
52172457,"08/08/22","08/08/22","NO APLICA","NO APLICA"
52172458,"08/08/22","08/08/22","NO APLICA","NO APLICA"
52172459,"08/08/22","08/08/22","NO APLICA","NO APLICA"
52172460,"08/08/22","08/08/22","NO APLICA","NO APLICA"
52172551,"08/08/22","08/08/22","NO APLICA","NO APLICA"
52172552,"08/08/22","08/08/22","NO APLICA","NO APLICA"
52172553,"08/08/22","08/08/22","NO APLICA","NO APLICA"
52172554,"08/08/22","08/08/22","NO APLICA","NO APLICA"
52172555,"08/08/22","08/08/22","NO APLICA","NO APLICA"
52172556,"08/08/22","08/08/22","NO APLICA","NO APLICA"
52172647,"08/08/22","08/08/22","NO APLICA","NO APLICA"
52172648,"08/08/22","08/08/22","NO APLICA","NO APLICA"
52172649,"08/08/22","08/08/22","NO APLICA","NO APLICA"
52172650,"08/08/22","08/08/22","NO APLICA","NO APLICA"
52172651,"08/08/22","08/08/22","NO APLICA","NO APLICA"
52172652,"08/08/22","08/08/22","NO APLICA","NO APLICA"
52172899,"08/08/22","08/08/22","NO APLICA","NO APLICA"
52172900,"08/08/22","08/08/22","NO APLICA","NO APLICA"
52172901,"08/08/22","08/08/22","NO APLICA","NO APLICA"
52172902,"08/08/22","08/08/22","NO APLICA","NO APLICA"
52172903,"08/08/22","08/08/22","NO APLICA","NO APLICA"
52172904,"08/08/22","08/08/22","NO APLICA","NO APLICA"
52172941,"08/08/22","08/08/22","NO APLICA","NO APLICA"
52172942,"08/08/22","08/08/22","NO APLICA","NO APLICA"
52172943,"08/08/22","08/08/22","NO APLICA","NO APLICA"
52172944,"08/08/22","08/08/22","NO APLICA","NO APLICA"
52172945,"08/08/22","08/08/22","NO APLICA","NO APLICA"
52172946,"08/08/22","08/08/22","NO APLICA","NO APLICA"
52172993,"08/08/22","08/08/22","NO APLICA","NO APLICA"
52172994,"08/08/22","08/08/22","NO APLICA","NO APLICA"
52172995,"08/08/22","08/08/22","NO APLICA","NO APLICA"
52172996,"08/08/22","08/08/22","NO APLICA","NO APLICA"
52172997,"08/08/22","08/08/22","NO APLICA","NO APLICA"
52172998,"08/08/22","08/08/22","NO APLICA","NO APLICA"
52173053,"08/08/22","08/08/22","NO APLICA","NO APLICA"
52173054,"08/08/22","08/08/22","NO APLICA","NO APLICA"
52173055,"08/08/22","08/08/22","NO APLICA","NO APLICA"
52173056,"08/08/22","08/08/22","NO APLICA","NO APLICA"
52173057,"08/08/22","08/08/22","NO APLICA","NO APLICA"
52173058,"08/08/22","08/08/22","NO APLICA","NO APLICA"
52173119,"08/08/22","08/08/22","NO APLICA","NO APLICA"
52173120,"08/08/22","08/08/22","NO APLICA","NO APLICA"
52173121,"08/08/22","08/08/22","NO APLICA","NO APLICA"
52173122,"08/08/22","08/08/22","NO APLICA","NO APLICA"
52173123,"08/08/22","08/08/22","NO APLICA","NO APLICA"
52173124,"08/08/22","08/08/22","NO APLICA","NO APLICA"
52173439,"08/08/22","08/08/22","NO APLICA","NO APLICA"
52173440,"08/08/22","08/08/22","NO APLICA","NO APLICA"
52173441,"08/08/22","08/08/22","NO APLICA","NO APLICA"
52173442,"08/08/22","08/08/22","NO APLICA","NO APLICA"
52173443,"08/08/22","08/08/22","NO APLICA","NO APLICA"
52173444,"08/08/22","08/08/22","NO APLICA","NO APLICA"
52173451,"08/08/22","08/08/22","NO APLICA","NO APLICA"
52173452,"08/08/22","08/08/22","NO APLICA","NO APLICA"
52173453,"08/08/22","08/08/22","NO APLICA","NO APLICA"
52173454,"08/08/22","08/08/22","NO APLICA","NO APLICA"
52173455,"08/08/22","08/08/22","NO APLICA","NO APLICA"
52173456,"08/08/22","08/08/22","NO APLICA","NO APLICA"
52173457,"08/08/22","08/08/22","NO APLICA","NO APLICA"
52173458,"08/08/22","08/08/22","NO APLICA","NO APLICA"
52173459,"08/08/22","08/08/22","NO APLICA","NO APLICA"
52173460,"08/08/22","08/08/22","NO APLICA","NO APLICA"
52173461,"08/08/22","08/08/22","NO APLICA","NO APLICA"
52173462,"08/08/22","08/08/22","NO APLICA","NO APLICA"
52173463,"08/08/22","08/08/22","NO APLICA","NO APLICA"
52173464,"08/08/22","08/08/22","NO APLICA","NO APLICA"
52173465,"08/08/22","08/08/22","NO APLICA","NO APLICA"
52173466,"08/08/22","08/08/22","NO APLICA","NO APLICA"
52173467,"08/08/22","08/08/22","NO APLICA","NO APLICA"
52173468,"08/08/22","08/08/22","NO APLICA","NO APLICA"
52173469,"08/08/22","08/08/22","NO APLICA","NO APLICA"
52173470,"08/08/22","08/08/22","NO APLICA","NO APLICA"
52173471,"08/08/22","08/08/22","NO APLICA","NO APLICA"
52173472,"08/08/22","08/08/22","NO APLICA","NO APLICA"
52173473,"08/08/22","08/08/22","NO APLICA","NO APLICA"
52173474,"08/08/22","08/08/22","NO APLICA","NO APLICA"
52173475,"08/08/22","08/08/22","NO APLICA","NO APLICA"
52173476,"08/08/22","08/08/22","NO APLICA","NO APLICA"
52173477,"08/08/22","08/08/22","NO APLICA","NO APLICA"
52173478,"08/08/22","08/08/22","NO APLICA","NO APLICA"
52173479,"08/08/22","08/08/22","NO APLICA","NO APLICA"
52173480,"08/08/22","08/08/22","NO APLICA","NO APLICA"
52173487,"08/08/22","08/08/22","NO APLICA","NO APLICA"
52173488,"08/08/22","08/08/22","NO APLICA","NO APLICA"
52173489,"08/08/22","08/08/22","NO APLICA","NO APLICA"
52173490,"08/08/22","08/08/22","NO APLICA","NO APLICA"
52173491,"08/08/22","08/08/22","NO APLICA","NO APLICA"
52173492,"08/08/22","08/08/22","NO APLICA","NO APLICA"
52172288,"08/08/22","08/08/22","NO APLICA","NO APLICA"
52172365,"08/08/22","08/08/22","NO APLICA","NO APLICA"
52172366,"08/08/22","08/08/22","NO APLICA","NO APLICA"
52172367,"08/08/22","08/08/22","NO APLICA","NO APLICA"
52172368,"08/08/22","08/08/22","NO APLICA","NO APLICA"
52172369,"08/08/22","08/08/22","NO APLICA","NO APLICA"
52172370,"08/08/22","08/08/22","NO APLICA","NO APLICA"
52172461,"08/08/22","08/08/22","NO APLICA","NO APLICA"
52172462,"08/08/22","08/08/22","NO APLICA","NO APLICA"
52172463,"08/08/22","08/08/22","NO APLICA","NO APLICA"
52172464,"08/08/22","08/08/22","NO APLICA","NO APLICA"
52172465,"08/08/22","08/08/22","NO APLICA","NO APLICA"
52172466,"08/08/22","08/08/22","NO APLICA","NO APLICA"
52172557,"08/08/22","08/08/22","NO APLICA","NO APLICA"
52172558,"08/08/22","08/08/22","NO APLICA","NO APLICA"
52172559,"08/08/22","08/08/22","NO APLICA","NO APLICA"
52172560,"08/08/22","08/08/22","NO APLICA","NO APLICA"
52172561,"08/08/22","08/08/22","NO APLICA","NO APLICA"
52172562,"08/08/22","08/08/22","NO APLICA","NO APLICA"
52172653,"08/08/22","08/08/22","NO APLICA","NO APLICA"
52172654,"08/08/22","08/08/22","NO APLICA","NO APLICA"
52172655,"08/08/22","08/08/22","NO APLICA","NO APLICA"
52172656,"08/08/22","08/08/22","NO APLICA","NO APLICA"
52172657,"08/08/22","08/08/22","NO APLICA","NO APLICA"
52172658,"08/08/22","08/08/22","NO APLICA","NO APLICA"
52172947,"08/08/22","08/08/22","NO APLICA","NO APLICA"
52172948,"08/08/22","08/08/22","NO APLICA","NO APLICA"
52172949,"08/08/22","08/08/22","NO APLICA","NO APLICA"
52172950,"08/08/22","08/08/22","NO APLICA","NO APLICA"
52172951,"08/08/22","08/08/22","NO APLICA","NO APLICA"
52172952,"08/08/22","08/08/22","NO APLICA","NO APLICA"
52172999,"08/08/22","08/08/22","NO APLICA","NO APLICA"
52173000,"08/08/22","08/08/22","NO APLICA","NO APLICA"
52173001,"08/08/22","08/08/22","NO APLICA","NO APLICA"
52173002,"08/08/22","08/08/22","NO APLICA","NO APLICA"
52173003,"08/08/22","08/08/22","NO APLICA","NO APLICA"
52173004,"08/08/22","08/08/22","NO APLICA","NO APLICA"
52173059,"08/08/22","08/08/22","NO APLICA","NO APLICA"
52173060,"08/08/22","08/08/22","NO APLICA","NO APLICA"
52173061,"08/08/22","08/08/22","NO APLICA","NO APLICA"
52173062,"08/08/22","08/08/22","NO APLICA","NO APLICA"
52173063,"08/08/22","08/08/22","NO APLICA","NO APLICA"
52173064,"08/08/22","08/08/22","NO APLICA","NO APLICA"
52173125,"08/08/22","08/08/22","NO APLICA","NO APLICA"
52173126,"08/08/22","08/08/22","NO APLICA","NO APLICA"
52173127,"08/08/22","08/08/22","NO APLICA","NO APLICA"
52173128,"08/08/22","08/08/22","NO APLICA","NO APLICA"
52173129,"08/08/22","08/08/22","NO APLICA","NO APLICA"
52173130,"08/08/22","08/08/22","NO APLICA","NO APLICA"
52173191,"08/08/22","08/08/22","NO APLICA","NO APLICA"
52173192,"08/08/22","08/08/22","NO APLICA","NO APLICA"
52173193,"08/08/22","08/08/22","NO APLICA","NO APLICA"
52173194,"08/08/22","08/08/22","NO APLICA","NO APLICA"
52173195,"08/08/22","08/08/22","NO APLICA","NO APLICA"
52173196,"08/08/22","08/08/22","NO APLICA","NO APLICA"
52173481,"08/08/22","08/08/22","NO APLICA","NO APLICA"
52173482,"08/08/22","08/08/22","NO APLICA","NO APLICA"
52173483,"08/08/22","08/08/22","NO APLICA","NO APLICA"
52173484,"08/08/22","08/08/22","NO APLICA","NO APLICA"
52173485,"08/08/22","08/08/22","NO APLICA","NO APLICA"
52173486,"08/08/22","08/08/22","NO APLICA","NO APLICA"
52173493,"08/08/22","08/08/22","NO APLICA","NO APLICA"
52173494,"08/08/22","08/08/22","NO APLICA","NO APLICA"
52173495,"08/08/22","08/08/22","NO APLICA","NO APLICA"
52173496,"08/08/22","08/08/22","NO APLICA","NO APLICA"
52173497,"08/08/22","08/08/22","NO APLICA","NO APLICA"
52173498,"08/08/22","08/08/22","NO APLICA","NO APLICA"
52173499,"08/08/22","08/08/22","NO APLICA","NO APLICA"
52173500,"08/08/22","08/08/22","NO APLICA","NO APLICA"
52173501,"08/08/22","08/08/22","NO APLICA","NO APLICA"
52173502,"08/08/22","08/08/22","NO APLICA","NO APLICA"
52173503,"08/08/22","08/08/22","NO APLICA","NO APLICA"
52173504,"08/08/22","08/08/22","NO APLICA","NO APLICA"
52173505,"08/08/22","08/08/22","NO APLICA","NO APLICA"
52173506,"08/08/22","08/08/22","NO APLICA","NO APLICA"
52173507,"08/08/22","08/08/22","NO APLICA","NO APLICA"
52173508,"08/08/22","08/08/22","NO APLICA","NO APLICA"
52173509,"08/08/22","08/08/22","NO APLICA","NO APLICA"
52173510,"08/08/22","08/08/22","NO APLICA","NO APLICA"
52173517,"08/08/22","08/08/22","NO APLICA","NO APLICA"
52173518,"08/08/22","08/08/22","NO APLICA","NO APLICA"
52173519,"08/08/22","08/08/22","NO APLICA","NO APLICA"
52173520,"08/08/22","08/08/22","NO APLICA","NO APLICA"
52173521,"08/08/22","08/08/22","NO APLICA","NO APLICA"
52173522,"08/08/22","08/08/22","NO APLICA","NO APLICA"
52173523,"08/08/22","08/08/22","NO APLICA","NO APLICA"
52173524,"08/08/22","08/08/22","NO APLICA","NO APLICA"
52173525,"08/08/22","08/08/22","NO APLICA","NO APLICA"
52173526,"08/08/22","08/08/22","NO APLICA","NO APLICA"
52173527,"08/08/22","08/08/22","NO APLICA","NO APLICA"
52173528,"08/08/22","08/08/22","NO APLICA","NO APLICA"
52173535,"08/08/22","08/08/22","NO APLICA","NO APLICA"
52173536,"08/08/22","08/08/22","NO APLICA","NO APLICA"
52173537,"08/08/22","08/08/22","NO APLICA","NO APLICA"
52173538,"08/08/22","08/08/22","NO APLICA","NO APLICA"
52173539,"08/08/22","08/08/22","NO APLICA","NO APLICA"
52173540,"08/08/22","08/08/22","NO APLICA","NO APLICA"
52172371,"08/08/22","08/08/22","NO APLICA","NO APLICA"
52172372,"08/08/22","08/08/22","NO APLICA","NO APLICA"
52172373,"08/08/22","08/08/22","NO APLICA","NO APLICA"
52172374,"08/08/22","08/08/22","NO APLICA","NO APLICA"
52172375,"08/08/22","08/08/22","NO APLICA","NO APLICA"
52172376,"08/08/22","08/08/22","NO APLICA","NO APLICA"
52172467,"08/08/22","08/08/22","NO APLICA","NO APLICA"
52172468,"08/08/22","08/08/22","NO APLICA","NO APLICA"
52172469,"08/08/22","08/08/22","NO APLICA","NO APLICA"
52172470,"08/08/22","08/08/22","NO APLICA","NO APLICA"
52172471,"08/08/22","08/08/22","NO APLICA","NO APLICA"
52172472,"08/08/22","08/08/22","NO APLICA","NO APLICA"
52172563,"08/08/22","08/08/22","NO APLICA","NO APLICA"
52172564,"08/08/22","08/08/22","NO APLICA","NO APLICA"
52172565,"08/08/22","08/08/22","NO APLICA","NO APLICA"
52172566,"08/08/22","08/08/22","NO APLICA","NO APLICA"
52172567,"08/08/22","08/08/22","NO APLICA","NO APLICA"
52172568,"08/08/22","08/08/22","NO APLICA","NO APLICA"
52172659,"08/08/22","08/08/22","NO APLICA","NO APLICA"
52172660,"08/08/22","08/08/22","NO APLICA","NO APLICA"
52172661,"08/08/22","08/08/22","NO APLICA","NO APLICA"
52172662,"08/08/22","08/08/22","NO APLICA","NO APLICA"
52172663,"08/08/22","08/08/22","NO APLICA","NO APLICA"
52172664,"08/08/22","08/08/22","NO APLICA","NO APLICA"
52173005,"08/08/22","08/08/22","NO APLICA","NO APLICA"
52173006,"08/08/22","08/08/22","NO APLICA","NO APLICA"
52173007,"08/08/22","08/08/22","NO APLICA","NO APLICA"
52173008,"08/08/22","08/08/22","NO APLICA","NO APLICA"
52173009,"08/08/22","08/08/22","NO APLICA","NO APLICA"
52173010,"08/08/22","08/08/22","NO APLICA","NO APLICA"
52173065,"08/08/22","08/08/22","NO APLICA","NO APLICA"
52173066,"08/08/22","08/08/22","NO APLICA","NO APLICA"
52173067,"08/08/22","08/08/22","NO APLICA","NO APLICA"
52173068,"08/08/22","08/08/22","NO APLICA","NO APLICA"
52173069,"08/08/22","08/08/22","NO APLICA","NO APLICA"
52173070,"08/08/22","08/08/22","NO APLICA","NO APLICA"
52173131,"08/08/22","08/08/22","NO APLICA","NO APLICA"
52173132,"08/08/22","08/08/22","NO APLICA","NO APLICA"
52173133,"08/08/22","08/08/22","NO APLICA","NO APLICA"
52173134,"08/08/22","08/08/22","NO APLICA","NO APLICA"
52173135,"08/08/22","08/08/22","NO APLICA","NO APLICA"
52173136,"08/08/22","08/08/22","NO APLICA","NO APLICA"
52173197,"08/08/22","08/08/22","NO APLICA","NO APLICA"
52173198,"08/08/22","08/08/22","NO APLICA","NO APLICA"
52173199,"08/08/22","08/08/22","NO APLICA","NO APLICA"
52173200,"08/08/22","08/08/22","NO APLICA","NO APLICA"
52173201,"08/08/22","08/08/22","NO APLICA","NO APLICA"
52173202,"08/08/22","08/08/22","NO APLICA","NO APLICA"
52173511,"08/08/22","08/08/22","NO APLICA","NO APLICA"
52173512,"08/08/22","08/08/22","NO APLICA","NO APLICA"
52173513,"08/08/22","08/08/22","NO APLICA","NO APLICA"
52173514,"08/08/22","08/08/22","NO APLICA","NO APLICA"
52173515,"08/08/22","08/08/22","NO APLICA","NO APLICA"
52173516,"08/08/22","08/08/22","NO APLICA","NO APLICA"
52173529,"08/08/22","08/08/22","NO APLICA","NO APLICA"
52173530,"08/08/22","08/08/22","NO APLICA","NO APLICA"
52173531,"08/08/22","08/08/22","NO APLICA","NO APLICA"
52173532,"08/08/22","08/08/22","NO APLICA","NO APLICA"
52173533,"08/08/22","08/08/22","NO APLICA","NO APLICA"
52173534,"08/08/22","08/08/22","NO APLICA","NO APLICA"
52173541,"08/08/22","08/08/22","NO APLICA","NO APLICA"
52173542,"08/08/22","08/08/22","NO APLICA","NO APLICA"
52173543,"08/08/22","08/08/22","NO APLICA","NO APLICA"
52173544,"08/08/22","08/08/22","NO APLICA","NO APLICA"
52173545,"08/08/22","08/08/22","NO APLICA","NO APLICA"
52173546,"08/08/22","08/08/22","NO APLICA","NO APLICA"
52173547,"08/08/22","08/08/22","NO APLICA","NO APLICA"
52173548,"08/08/22","08/08/22","NO APLICA","NO APLICA"
52173549,"08/08/22","08/08/22","NO APLICA","NO APLICA"
52173550,"08/08/22","08/08/22","NO APLICA","NO APLICA"
52173551,"08/08/22","08/08/22","NO APLICA","NO APLICA"
52173552,"08/08/22","08/08/22","NO APLICA","NO APLICA"
52173559,"08/08/22","08/08/22","NO APLICA","NO APLICA"
52173560,"08/08/22","08/08/22","NO APLICA","NO APLICA"
52173561,"08/08/22","08/08/22","NO APLICA","NO APLICA"
52173562,"08/08/22","08/08/22","NO APLICA","NO APLICA"
52173563,"08/08/22","08/08/22","NO APLICA","NO APLICA"
52173564,"08/08/22","08/08/22","NO APLICA","NO APLICA"
52173571,"08/08/22","08/08/22","NO APLICA","NO APLICA"
52173572,"08/08/22","08/08/22","NO APLICA","NO APLICA"
52173573,"08/08/22","08/08/22","NO APLICA","NO APLICA"
52173574,"08/08/22","08/08/22","NO APLICA","NO APLICA"
52173575,"08/08/22","08/08/22","NO APLICA","NO APLICA"
52173576,"08/08/22","08/08/22","NO APLICA","NO APLICA"
52173577,"08/08/22","08/08/22","NO APLICA","NO APLICA"
52173578,"08/08/22","08/08/22","NO APLICA","NO APLICA"
52173579,"08/08/22","08/08/22","NO APLICA","NO APLICA"
52173580,"08/08/22","08/08/22","NO APLICA","NO APLICA"
52173581,"08/08/22","08/08/22","NO APLICA","NO APLICA"
52173582,"08/08/22","08/08/22","NO APLICA","NO APLICA"
52173589,"08/08/22","08/08/22","NO APLICA","NO APLICA"
52173590,"08/08/22","08/08/22","NO APLICA","NO APLICA"
52173591,"08/08/22","08/08/22","NO APLICA","NO APLICA"
52173592,"08/08/22","08/08/22","NO APLICA","NO APLICA"
52173593,"08/08/22","08/08/22","NO APLICA","NO APLICA"
52173594,"08/08/22","08/08/22","NO APLICA","NO APLICA"
52172377,"08/08/22","08/08/22","NO APLICA","NO APLICA"
52172378,"08/08/22","08/08/22","NO APLICA","NO APLICA"
52172379,"08/08/22","08/08/22","NO APLICA","NO APLICA"
52172380,"08/08/22","08/08/22","NO APLICA","NO APLICA"
52172381,"08/08/22","08/08/22","NO APLICA","NO APLICA"
52172382,"08/08/22","08/08/22","NO APLICA","NO APLICA"
52172473,"08/08/22","08/08/22","NO APLICA","NO APLICA"
52172474,"08/08/22","08/08/22","NO APLICA","NO APLICA"
52172475,"08/08/22","08/08/22","NO APLICA","NO APLICA"
52172476,"08/08/22","08/08/22","NO APLICA","NO APLICA"
52172477,"08/08/22","08/08/22","NO APLICA","NO APLICA"
52172478,"08/08/22","08/08/22","NO APLICA","NO APLICA"
52172569,"08/08/22","08/08/22","NO APLICA","NO APLICA"
52172570,"08/08/22","08/08/22","NO APLICA","NO APLICA"
52172571,"08/08/22","08/08/22","NO APLICA","NO APLICA"
52172572,"08/08/22","08/08/22","NO APLICA","NO APLICA"
52172573,"08/08/22","08/08/22","NO APLICA","NO APLICA"
52172574,"08/08/22","08/08/22","NO APLICA","NO APLICA"
52172665,"08/08/22","08/08/22","NO APLICA","NO APLICA"
52172666,"08/08/22","08/08/22","NO APLICA","NO APLICA"
52172667,"08/08/22","08/08/22","NO APLICA","NO APLICA"
52172668,"08/08/22","08/08/22","NO APLICA","NO APLICA"
52172669,"08/08/22","08/08/22","NO APLICA","NO APLICA"
52172670,"08/08/22","08/08/22","NO APLICA","NO APLICA"
52173071,"08/08/22","08/08/22","NO APLICA","NO APLICA"
52173072,"08/08/22","08/08/22","NO APLICA","NO APLICA"
52173073,"08/08/22","08/08/22","NO APLICA","NO APLICA"
52173074,"08/08/22","08/08/22","NO APLICA","NO APLICA"
52173075,"08/08/22","08/08/22","NO APLICA","NO APLICA"
52173076,"08/08/22","08/08/22","NO APLICA","NO APLICA"
52173137,"08/08/22","08/08/22","NO APLICA","NO APLICA"
52173138,"08/08/22","08/08/22","NO APLICA","NO APLICA"
52173139,"08/08/22","08/08/22","NO APLICA","NO APLICA"
52173140,"08/08/22","08/08/22","NO APLICA","NO APLICA"
52173141,"08/08/22","08/08/22","NO APLICA","NO APLICA"
52173142,"08/08/22","08/08/22","NO APLICA","NO APLICA"
52173203,"08/08/22","08/08/22","NO APLICA","NO APLICA"
52173204,"08/08/22","08/08/22","NO APLICA","NO APLICA"
52173205,"08/08/22","08/08/22","NO APLICA","NO APLICA"
52173206,"08/08/22","08/08/22","NO APLICA","NO APLICA"
52173207,"08/08/22","08/08/22","NO APLICA","NO APLICA"
52173208,"08/08/22","08/08/22","NO APLICA","NO APLICA"
52173553,"08/08/22","08/08/22","NO APLICA","NO APLICA"
52173554,"08/08/22","08/08/22","NO APLICA","NO APLICA"
52173555,"08/08/22","08/08/22","NO APLICA","NO APLICA"
52173556,"08/08/22","08/08/22","NO APLICA","NO APLICA"
52173557,"08/08/22","08/08/22","NO APLICA","NO APLICA"
52173558,"08/08/22","08/08/22","NO APLICA","NO APLICA"
52173565,"08/08/22","08/08/22","NO APLICA","NO APLICA"
52173566,"08/08/22","08/08/22","NO APLICA","NO APLICA"
52173567,"08/08/22","08/08/22","NO APLICA","NO APLICA"
52173568,"08/08/22","08/08/22","NO APLICA","NO APLICA"
52173569,"08/08/22","08/08/22","NO APLICA","NO APLICA"
52173570,"08/08/22","08/08/22","NO APLICA","NO APLICA"
52173583,"08/08/22","08/08/22","NO APLICA","NO APLICA"
52173584,"08/08/22","08/08/22","NO APLICA","NO APLICA"
52173585,"08/08/22","08/08/22","NO APLICA","NO APLICA"
52173586,"08/08/22","08/08/22","NO APLICA","NO APLICA"
52173587,"08/08/22","08/08/22","NO APLICA","NO APLICA"
52173588,"08/08/22","08/08/22","NO APLICA","NO APLICA"
52173595,"08/08/22","08/08/22","NO APLICA","NO APLICA"
52173596,"08/08/22","08/08/22","NO APLICA","NO APLICA"
52172290,"08/08/22","08/08/22","NO APLICA","NO APLICA"
52172291,"08/08/22","08/08/22","NO APLICA","NO APLICA"
52172292,"08/08/22","08/08/22","NO APLICA","NO APLICA"
52172383,"08/08/22","08/08/22","NO APLICA","NO APLICA"
52172384,"08/08/22","08/08/22","NO APLICA","NO APLICA"
52172385,"08/08/22","08/08/22","NO APLICA","NO APLICA"
52172386,"08/08/22","08/08/22","NO APLICA","NO APLICA"
52172387,"08/08/22","08/08/22","NO APLICA","NO APLICA"
52172388,"08/08/22","08/08/22","NO APLICA","NO APLICA"
52172479,"08/08/22","08/08/22","NO APLICA","NO APLICA"
52172480,"08/08/22","08/08/22","NO APLICA","NO APLICA"
52172481,"08/08/22","08/08/22","NO APLICA","NO APLICA"
52172482,"08/08/22","08/08/22","NO APLICA","NO APLICA"
52172483,"08/08/22","08/08/22","NO APLICA","NO APLICA"
52172484,"08/08/22","08/08/22","NO APLICA","NO APLICA"
52172575,"08/08/22","08/08/22","NO APLICA","NO APLICA"
52172576,"08/08/22","08/08/22","NO APLICA","NO APLICA"
52172577,"08/08/22","08/08/22","NO APLICA","NO APLICA"
52172578,"08/08/22","08/08/22","NO APLICA","NO APLICA"
52172579,"08/08/22","08/08/22","NO APLICA","NO APLICA"
52172580,"08/08/22","08/08/22","NO APLICA","NO APLICA"
52172671,"08/08/22","08/08/22","NO APLICA","NO APLICA"
52172672,"08/08/22","08/08/22","NO APLICA","NO APLICA"
52172673,"08/08/22","08/08/22","NO APLICA","NO APLICA"
52172674,"08/08/22","08/08/22","NO APLICA","NO APLICA"
52172675,"08/08/22","08/08/22","NO APLICA","NO APLICA"
52172676,"08/08/22","08/08/22","NO APLICA","NO APLICA"
52173143,"08/08/22","08/08/22","NO APLICA","NO APLICA"
52173144,"08/08/22","08/08/22","NO APLICA","NO APLICA"
52173145,"08/08/22","08/08/22","NO APLICA","NO APLICA"
52173146,"08/08/22","08/08/22","NO APLICA","NO APLICA"
52173147,"08/08/22","08/08/22","NO APLICA","NO APLICA"
52173148,"08/08/22","08/08/22","NO APLICA","NO APLICA"
52173209,"08/08/22","08/08/22","NO APLICA","NO APLICA"
52173210,"08/08/22","08/08/22","NO APLICA","NO APLICA"
52173211,"08/08/22","08/08/22","NO APLICA","NO APLICA"
52173212,"08/08/22","08/08/22","NO APLICA","NO APLICA"
52173213,"08/08/22","08/08/22","NO APLICA","NO APLICA"
52173214,"08/08/22","08/08/22","NO APLICA","NO APLICA"
52172287,"08/08/22","08/08/22","NO APLICA","NO APLICA"
52172293,"08/08/22","08/08/22","NO APLICA","NO APLICA"
52172294,"08/08/22","08/08/22","NO APLICA","NO APLICA"
52172295,"08/08/22","08/08/22","NO APLICA","NO APLICA"
52172296,"08/08/22","08/08/22","NO APLICA","NO APLICA"
52172297,"08/08/22","08/08/22","NO APLICA","NO APLICA"
52172298,"08/08/22","08/08/22","NO APLICA","NO APLICA"
52172389,"08/08/22","08/08/22","NO APLICA","NO APLICA"
52172390,"08/08/22","08/08/22","NO APLICA","NO APLICA"
52172391,"08/08/22","08/08/22","NO APLICA","NO APLICA"
52172392,"08/08/22","08/08/22","NO APLICA","NO APLICA"
52172393,"08/08/22","08/08/22","NO APLICA","NO APLICA"
52172394,"08/08/22","08/08/22","NO APLICA","NO APLICA"
52172485,"08/08/22","08/08/22","NO APLICA","NO APLICA"
52172486,"08/08/22","08/08/22","NO APLICA","NO APLICA"
52172487,"08/08/22","08/08/22","NO APLICA","NO APLICA"
52172488,"08/08/22","08/08/22","NO APLICA","NO APLICA"
52172489,"08/08/22","08/08/22","NO APLICA","NO APLICA"
52172490,"08/08/22","08/08/22","NO APLICA","NO APLICA"
52172581,"08/08/22","08/08/22","NO APLICA","NO APLICA"
52172582,"08/08/22","08/08/22","NO APLICA","NO APLICA"
52172583,"08/08/22","08/08/22","NO APLICA","NO APLICA"
52172584,"08/08/22","08/08/22","NO APLICA","NO APLICA"
52172585,"08/08/22","08/08/22","NO APLICA","NO APLICA"
52172586,"08/08/22","08/08/22","NO APLICA","NO APLICA"
52172677,"08/08/22","08/08/22","NO APLICA","NO APLICA"
52172678,"08/08/22","08/08/22","NO APLICA","NO APLICA"
52172679,"08/08/22","08/08/22","NO APLICA","NO APLICA"
52172680,"08/08/22","08/08/22","NO APLICA","NO APLICA"
52172681,"08/08/22","08/08/22","NO APLICA","NO APLICA"
52172682,"08/08/22","08/08/22","NO APLICA","NO APLICA"
52173215,"08/08/22","08/08/22","NO APLICA","NO APLICA"
52173216,"08/08/22","08/08/22","NO APLICA","NO APLICA"
52173217,"08/08/22","08/08/22","NO APLICA","NO APLICA"
52173218,"08/08/22","08/08/22","NO APLICA","NO APLICA"
52173219,"08/08/22","08/08/22","NO APLICA","NO APLICA"
52173220,"08/08/22","08/08/22","NO APLICA","NO APLICA"
52172299,"08/08/22","08/08/22","NO APLICA","NO APLICA"
52172300,"08/08/22","08/08/22","NO APLICA","NO APLICA"
52172301,"08/08/22","08/08/22","NO APLICA","NO APLICA"
52172302,"08/08/22","08/08/22","NO APLICA","NO APLICA"
52172303,"08/08/22","08/08/22","NO APLICA","NO APLICA"
52172304,"08/08/22","08/08/22","NO APLICA","NO APLICA"
52172395,"08/08/22","08/08/22","NO APLICA","NO APLICA"
52172396,"08/08/22","08/08/22","NO APLICA","NO APLICA"
52172397,"08/08/22","08/08/22","NO APLICA","NO APLICA"
52172398,"08/08/22","08/08/22","NO APLICA","NO APLICA"
52172399,"08/08/22","08/08/22","NO APLICA","NO APLICA"
52172400,"08/08/22","08/08/22","NO APLICA","NO APLICA"
52172491,"08/08/22","08/08/22","NO APLICA","NO APLICA"
52172492,"08/08/22","08/08/22","NO APLICA","NO APLICA"
52172493,"08/08/22","08/08/22","NO APLICA","NO APLICA"
52172494,"08/08/22","08/08/22","NO APLICA","NO APLICA"
52172495,"08/08/22","08/08/22","NO APLICA","NO APLICA"
52172496,"08/08/22","08/08/22","NO APLICA","NO APLICA"
52172587,"08/08/22","08/08/22","NO APLICA","NO APLICA"
52172588,"08/08/22","08/08/22","NO APLICA","NO APLICA"
52172589,"08/08/22","08/08/22","NO APLICA","NO APLICA"
52172590,"08/08/22","08/08/22","NO APLICA","NO APLICA"
52172591,"08/08/22","08/08/22","NO APLICA","NO APLICA"
52172592,"08/08/22","08/08/22","NO APLICA","NO APLICA"
52172683,"08/08/22","08/08/22","NO APLICA","NO APLICA"
52172684,"08/08/22","08/08/22","NO APLICA","NO APLICA"
52172685,"08/08/22","08/08/22","NO APLICA","NO APLICA"
52172686,"08/08/22","08/08/22","NO APLICA","NO APLICA"
52172687,"08/08/22","08/08/22","NO APLICA","NO APLICA"
52172688,"08/08/22","08/08/22","NO APLICA","NO APLICA"
52172305,"08/08/22","08/08/22","NO APLICA","NO APLICA"
52172306,"08/08/22","08/08/22","NO APLICA","NO APLICA"
52172307,"08/08/22","08/08/22","NO APLICA","NO APLICA"
52172308,"08/08/22","08/08/22","NO APLICA","NO APLICA"
52172309,"08/08/22","08/08/22","NO APLICA","NO APLICA"
52172310,"08/08/22","08/08/22","NO APLICA","NO APLICA"
52172401,"08/08/22","08/08/22","NO APLICA","NO APLICA"
52172402,"08/08/22","08/08/22","NO APLICA","NO APLICA"
52172403,"08/08/22","08/08/22","NO APLICA","NO APLICA"
52172404,"08/08/22","08/08/22","NO APLICA","NO APLICA"
52172405,"08/08/22","08/08/22","NO APLICA","NO APLICA"
52172406,"08/08/22","08/08/22","NO APLICA","NO APLICA"
52172497,"08/08/22","08/08/22","NO APLICA","NO APLICA"
52172498,"08/08/22","08/08/22","NO APLICA","NO APLICA"
52172499,"08/08/22","08/08/22","NO APLICA","NO APLICA"
52172500,"08/08/22","08/08/22","NO APLICA","NO APLICA"
52172501,"08/08/22","08/08/22","NO APLICA","NO APLICA"
52172502,"08/08/22","08/08/22","NO APLICA","NO APLICA"
52172593,"08/08/22","08/08/22","NO APLICA","NO APLICA"
52172594,"08/08/22","08/08/22","NO APLICA","NO APLICA"
52172595,"08/08/22","08/08/22","NO APLICA","NO APLICA"
52172596,"08/08/22","08/08/22","NO APLICA","NO APLICA"
52172597,"08/08/22","08/08/22","NO APLICA","NO APLICA"
52172598,"08/08/22","08/08/22","NO APLICA","NO APLICA"
52172689,"08/08/22","08/08/22","NO APLICA","NO APLICA"
52172690,"08/08/22","08/08/22","NO APLICA","NO APLICA"
52172691,"08/08/22","08/08/22","NO APLICA","NO APLICA"
52172692,"08/08/22","08/08/22","NO APLICA","NO APLICA"
52172693,"08/08/22","08/08/22","NO APLICA","NO APLICA"
52172694,"08/08/22","08/08/22","NO APLICA","NO APLICA"
52173228,"08/08/22","08/08/22","NO APLICA","NO APLICA"
52173229,"08/08/22","08/08/22","NO APLICA","NO APLICA"
52173230,"08/08/22","08/08/22","NO APLICA","NO APLICA"
52173231,"08/08/22","08/08/22","NO APLICA","NO APLICA"
52173232,"08/08/22","08/08/22","NO APLICA","NO APLICA"
52173233,"08/08/22","08/08/22","NO APLICA","NO APLICA"
52173240,"08/08/22","08/08/22","NO APLICA","NO APLICA"
52173241,"08/08/22","08/08/22","NO APLICA","NO APLICA"
52173242,"08/08/22","08/08/22","NO APLICA","NO APLICA"
52173243,"08/08/22","08/08/22","NO APLICA","NO APLICA"
52173244,"08/08/22","08/08/22","NO APLICA","NO APLICA"
52173245,"08/08/22","08/08/22","NO APLICA","NO APLICA"
52173258,"08/08/22","08/08/22","NO APLICA","NO APLICA"
52173259,"08/08/22","08/08/22","NO APLICA","NO APLICA"
52173260,"08/08/22","08/08/22","NO APLICA","NO APLICA"
52173261,"08/08/22","08/08/22","NO APLICA","NO APLICA"
52173262,"08/08/22","08/08/22","NO APLICA","NO APLICA"
52173263,"08/08/22","08/08/22","NO APLICA","NO APLICA"
52173270,"08/08/22","08/08/22","NO APLICA","NO APLICA"
52173271,"08/08/22","08/08/22","NO APLICA","NO APLICA"
52173272,"08/08/22","08/08/22","NO APLICA","NO APLICA"
52173273,"08/08/22","08/08/22","NO APLICA","NO APLICA"
52173274,"08/08/22","08/08/22","NO APLICA","NO APLICA"
52173275,"08/08/22","08/08/22","NO APLICA","NO APLICA"
52173288,"08/08/22","08/08/22","NO APLICA","NO APLICA"
52173289,"08/08/22","08/08/22","NO APLICA","NO APLICA"
52173290,"08/08/22","08/08/22","NO APLICA","NO APLICA"
52173291,"08/08/22","08/08/22","NO APLICA","NO APLICA"
52173292,"08/08/22","08/08/22","NO APLICA","NO APLICA"
52173293,"08/08/22","08/08/22","NO APLICA","NO APLICA"
52172311,"08/08/22","08/08/22","NO APLICA","NO APLICA"
52172312,"08/08/22","08/08/22","NO APLICA","NO APLICA"
52172313,"08/08/22","08/08/22","NO APLICA","NO APLICA"
52172314,"08/08/22","08/08/22","NO APLICA","NO APLICA"
52172315,"08/08/22","08/08/22","NO APLICA","NO APLICA"
52172316,"08/08/22","08/08/22","NO APLICA","NO APLICA"
52172407,"08/08/22","08/08/22","NO APLICA","NO APLICA"
52172408,"08/08/22","08/08/22","NO APLICA","NO APLICA"
52172409,"08/08/22","08/08/22","NO APLICA","NO APLICA"
52172410,"08/08/22","08/08/22","NO APLICA","NO APLICA"
52172411,"08/08/22","08/08/22","NO APLICA","NO APLICA"
52172412,"08/08/22","08/08/22","NO APLICA","NO APLICA"
52172503,"08/08/22","08/08/22","NO APLICA","NO APLICA"
52172504,"08/08/22","08/08/22","NO APLICA","NO APLICA"
52172505,"08/08/22","08/08/22","NO APLICA","NO APLICA"
52172506,"08/08/22","08/08/22","NO APLICA","NO APLICA"
52172507,"08/08/22","08/08/22","NO APLICA","NO APLICA"
52172508,"08/08/22","08/08/22","NO APLICA","NO APLICA"
52172599,"08/08/22","08/08/22","NO APLICA","NO APLICA"
52172600,"08/08/22","08/08/22","NO APLICA","NO APLICA"
52172601,"08/08/22","08/08/22","NO APLICA","NO APLICA"
52172602,"08/08/22","08/08/22","NO APLICA","NO APLICA"
52172603,"08/08/22","08/08/22","NO APLICA","NO APLICA"
52172604,"08/08/22","08/08/22","NO APLICA","NO APLICA"
52172695,"08/08/22","08/08/22","NO APLICA","NO APLICA"
52172696,"08/08/22","08/08/22","NO APLICA","NO APLICA"
52172697,"08/08/22","08/08/22","NO APLICA","NO APLICA"
52172698,"08/08/22","08/08/22","NO APLICA","NO APLICA"
52172699,"08/08/22","08/08/22","NO APLICA","NO APLICA"
52172700,"08/08/22","08/08/22","NO APLICA","NO APLICA"
52173234,"08/08/22","08/08/22","NO APLICA","NO APLICA"
52173235,"08/08/22","08/08/22","NO APLICA","NO APLICA"
52173236,"08/08/22","08/08/22","NO APLICA","NO APLICA"
52173237,"08/08/22","08/08/22","NO APLICA","NO APLICA"
52173238,"08/08/22","08/08/22","NO APLICA","NO APLICA"
52173239,"08/08/22","08/08/22","NO APLICA","NO APLICA"
52173246,"08/08/22","08/08/22","NO APLICA","NO APLICA"
52173247,"08/08/22","08/08/22","NO APLICA","NO APLICA"
52173248,"08/08/22","08/08/22","NO APLICA","NO APLICA"
52173249,"08/08/22","08/08/22","NO APLICA","NO APLICA"
52173250,"08/08/22","08/08/22","NO APLICA","NO APLICA"
52173251,"08/08/22","08/08/22","NO APLICA","NO APLICA"
52173276,"08/08/22","08/08/22","NO APLICA","NO APLICA"
52173277,"08/08/22","08/08/22","NO APLICA","NO APLICA"
52173278,"08/08/22","08/08/22","NO APLICA","NO APLICA"
52173279,"08/08/22","08/08/22","NO APLICA","NO APLICA"
52173280,"08/08/22","08/08/22","NO APLICA","NO APLICA"
52173281,"08/08/22","08/08/22","NO APLICA","NO APLICA"
52173294,"08/08/22","08/08/22","NO APLICA","NO APLICA"
52173295,"08/08/22","08/08/22","NO APLICA","NO APLICA"
52173296,"08/08/22","08/08/22","NO APLICA","NO APLICA"
52173297,"08/08/22","08/08/22","NO APLICA","NO APLICA"
52173298,"08/08/22","08/08/22","NO APLICA","NO APLICA"
52173299,"08/08/22","08/08/22","NO APLICA","NO APLICA"
52173300,"08/08/22","08/08/22","NO APLICA","NO APLICA"
52173301,"08/08/22","08/08/22","NO APLICA","NO APLICA"
52173302,"08/08/22","08/08/22","NO APLICA","NO APLICA"
52173303,"08/08/22","08/08/22","NO APLICA","NO APLICA"
52173304,"08/08/22","08/08/22","NO APLICA","NO APLICA"
52173305,"08/08/22","08/08/22","NO APLICA","NO APLICA"
52173312,"08/08/22","08/08/22","NO APLICA","NO APLICA"
52173313,"08/08/22","08/08/22","NO APLICA","NO APLICA"
52173314,"08/08/22","08/08/22","NO APLICA","NO APLICA"
52173315,"08/08/22","08/08/22","NO APLICA","NO APLICA"
52173316,"08/08/22","08/08/22","NO APLICA","NO APLICA"
52173317,"08/08/22","08/08/22","NO APLICA","NO APLICA"
52173324,"08/08/22","08/08/22","NO APLICA","NO APLICA"
52173325,"08/08/22","08/08/22","NO APLICA","NO APLICA"
52173326,"08/08/22","08/08/22","NO APLICA","NO APLICA"
52173327,"08/08/22","08/08/22","NO APLICA","NO APLICA"
52173328,"08/08/22","08/08/22","NO APLICA","NO APLICA"
52173329,"08/08/22","08/08/22","NO APLICA","NO APLICA"
52173336,"08/08/22","08/08/22","NO APLICA","NO APLICA"
52173337,"08/08/22","08/08/22","NO APLICA","NO APLICA"
52173338,"08/08/22","08/08/22","NO APLICA","NO APLICA"
52173339,"08/08/22","08/08/22","NO APLICA","NO APLICA"
52173340,"08/08/22","08/08/22","NO APLICA","NO APLICA"
52173341,"08/08/22","08/08/22","NO APLICA","NO APLICA"
52173348,"08/08/22","08/08/22","NO APLICA","NO APLICA"
52173349,"08/08/22","08/08/22","NO APLICA","NO APLICA"
52173350,"08/08/22","08/08/22","NO APLICA","NO APLICA"
52173351,"08/08/22","08/08/22","NO APLICA","NO APLICA"
52173352,"08/08/22","08/08/22","NO APLICA","NO APLICA"
52173353,"08/08/22","08/08/22","NO APLICA","NO APLICA"
52173414,"08/08/22","08/08/22","NO APLICA","NO APLICA"
52171958,"08/08/22","08/08/22","NO APLICA","NO APLICA"
52171959,"08/08/22","08/08/22","NO APLICA","NO APLICA"
52171960,"08/08/22","08/08/22","NO APLICA","NO APLICA"
52171967,"08/08/22","08/08/22","NO APLICA","NO APLICA"
52171968,"08/08/22","08/08/22","NO APLICA","NO APLICA"
52171969,"08/08/22","08/08/22","NO APLICA","NO APLICA"
52171970,"08/08/22","08/08/22","NO APLICA","NO APLICA"
52171971,"08/08/22","08/08/22","NO APLICA","NO APLICA"
52171972,"08/08/22","08/08/22","NO APLICA","NO APLICA"
52171985,"08/08/22","08/08/22","NO APLICA","NO APLICA"
52171986,"08/08/22","08/08/22","NO APLICA","NO APLICA"
52171987,"08/08/22","08/08/22","NO APLICA","NO APLICA"
52171988,"08/08/22","08/08/22","NO APLICA","NO APLICA"
52171989,"08/08/22","08/08/22","NO APLICA","NO APLICA"
52171990,"08/08/22","08/08/22","NO APLICA","NO APLICA"
52172003,"08/08/22","08/08/22","NO APLICA","NO APLICA"
52172004,"08/08/22","08/08/22","NO APLICA","NO APLICA"
52172005,"08/08/22","08/08/22","NO APLICA","NO APLICA"
52172006,"08/08/22","08/08/22","NO APLICA","NO APLICA"
52172007,"08/08/22","08/08/22","NO APLICA","NO APLICA"
52172008,"08/08/22","08/08/22","NO APLICA","NO APLICA"
52171961,"08/08/22","08/08/22","NO APLICA","NO APLICA"
52171962,"08/08/22","08/08/22","NO APLICA","NO APLICA"
52171963,"08/08/22","08/08/22","NO APLICA","NO APLICA"
52171964,"08/08/22","08/08/22","NO APLICA","NO APLICA"
52171965,"08/08/22","08/08/22","NO APLICA","NO APLICA"
52171966,"08/08/22","08/08/22","NO APLICA","NO APLICA"
52171973,"08/08/22","08/08/22","NO APLICA","NO APLICA"
52171974,"08/08/22","08/08/22","NO APLICA","NO APLICA"
52171975,"08/08/22","08/08/22","NO APLICA","NO APLICA"
52171976,"08/08/22","08/08/22","NO APLICA","NO APLICA"
52171977,"08/08/22","08/08/22","NO APLICA","NO APLICA"
52171978,"08/08/22","08/08/22","NO APLICA","NO APLICA"
52171991,"08/08/22","08/08/22","NO APLICA","NO APLICA"
52171992,"08/08/22","08/08/22","NO APLICA","NO APLICA"
52171993,"08/08/22","08/08/22","NO APLICA","NO APLICA"
52171994,"08/08/22","08/08/22","NO APLICA","NO APLICA"
52171995,"08/08/22","08/08/22","NO APLICA","NO APLICA"
52171996,"08/08/22","08/08/22","NO APLICA","NO APLICA"
52172009,"08/08/22","08/08/22","NO APLICA","NO APLICA"
52172178,"08/08/22","08/08/22","NO APLICA","NO APLICA"
52172179,"08/08/22","08/08/22","NO APLICA","NO APLICA"
52172180,"08/08/22","08/08/22","NO APLICA","NO APLICA"
52172181,"08/08/22","08/08/22","NO APLICA","NO APLICA"
52172182,"08/08/22","08/08/22","NO APLICA","NO APLICA"
52172189,"08/08/22","08/08/22","NO APLICA","NO APLICA"
52172190,"08/08/22","08/08/22","NO APLICA","NO APLICA"
52172191,"08/08/22","08/08/22","NO APLICA","NO APLICA"
52172192,"08/08/22","08/08/22","NO APLICA","NO APLICA"
52172193,"08/08/22","08/08/22","NO APLICA","NO APLICA"
52172194,"08/08/22","08/08/22","NO APLICA","NO APLICA"
52172201,"08/08/22","08/08/22","NO APLICA","NO APLICA"
52172202,"08/08/22","08/08/22","NO APLICA","NO APLICA"
52172203,"08/08/22","08/08/22","NO APLICA","NO APLICA"
52172204,"08/08/22","08/08/22","NO APLICA","NO APLICA"
52172205,"08/08/22","08/08/22","NO APLICA","NO APLICA"
52172206,"08/08/22","08/08/22","NO APLICA","NO APLICA"
52171979,"08/08/22","08/08/22","NO APLICA","NO APLICA"
52171980,"08/08/22","08/08/22","NO APLICA","NO APLICA"
52171981,"08/08/22","08/08/22","NO APLICA","NO APLICA"
52171982,"08/08/22","08/08/22","NO APLICA","NO APLICA"
52171983,"08/08/22","08/08/22","NO APLICA","NO APLICA"
52171984,"08/08/22","08/08/22","NO APLICA","NO APLICA"
52171998,"08/08/22","08/08/22","NO APLICA","NO APLICA"
52171999,"08/08/22","08/08/22","NO APLICA","NO APLICA"
52172000,"08/08/22","08/08/22","NO APLICA","NO APLICA"
52172001,"08/08/22","08/08/22","NO APLICA","NO APLICA"
52171997,"08/08/22","08/08/22","NO APLICA","NO APLICA"
52172002,"08/08/22","08/08/22","NO APLICA","NO APLICA"
52172251,"08/08/22","08/08/22","NO APLICA","NO APLICA"
52172252,"08/08/22","08/08/22","NO APLICA","NO APLICA"
52172253,"08/08/22","08/08/22","NO APLICA","NO APLICA"
52172254,"08/08/22","08/08/22","NO APLICA","NO APLICA"
52172255,"08/08/22","08/08/22","NO APLICA","NO APLICA"
52172256,"08/08/22","08/08/22","NO APLICA","NO APLICA"
52172257,"08/08/22","08/08/22","NO APLICA","NO APLICA"
52172258,"08/08/22","08/08/22","NO APLICA","NO APLICA"
52172259,"08/08/22","08/08/22","NO APLICA","NO APLICA"
52172260,"08/08/22","08/08/22","NO APLICA","NO APLICA"
52172261,"08/08/22","08/08/22","NO APLICA","NO APLICA"
52172262,"08/08/22","08/08/22","NO APLICA","NO APLICA"
52172263,"08/08/22","08/08/22","NO APLICA","NO APLICA"
52172264,"08/08/22","08/08/22","NO APLICA","NO APLICA"
52172265,"08/08/22","08/08/22","NO APLICA","NO APLICA"
52172266,"08/08/22","08/08/22","NO APLICA","NO APLICA"
52172267,"08/08/22","08/08/22","NO APLICA","NO APLICA"
52172268,"08/08/22","08/08/22","NO APLICA","NO APLICA"
52172269,"08/08/22","08/08/22","NO APLICA","NO APLICA"
52172270,"08/08/22","08/08/22","NO APLICA","NO APLICA"
52172271,"08/08/22","08/08/22","NO APLICA","NO APLICA"
52172272,"08/08/22","08/08/22","NO APLICA","NO APLICA"
52172273,"08/08/22","08/08/22","NO APLICA","NO APLICA"
52172274,"08/08/22","08/08/22","NO APLICA","NO APLICA"
52172276,"08/08/22","08/08/22","NO APLICA","NO APLICA"
52172277,"08/08/22","08/08/22","NO APLICA","NO APLICA"
52172278,"08/08/22","08/08/22","NO APLICA","NO APLICA"
52172279,"08/08/22","08/08/22","NO APLICA","NO APLICA"
52172275,"08/08/22","08/08/22","NO APLICA","NO APLICA"
52172280,"08/08/22","08/08/22","NO APLICA","NO APLICA"
52172281,"08/08/22","08/08/22","NO APLICA","NO APLICA"
52172282,"08/08/22","08/08/22","NO APLICA","NO APLICA"
52172283,"08/08/22","08/08/22","NO APLICA","NO APLICA"
52172284,"08/08/22","08/08/22","NO APLICA","NO APLICA"
52172285,"08/08/22","08/08/22","NO APLICA","NO APLICA"
52172286,"08/08/22","08/08/22","NO APLICA","NO APLICA"
52172016,"08/08/22","08/08/22","NO APLICA","NO APLICA"
52172017,"08/08/22","08/08/22","NO APLICA","NO APLICA"
52172018,"08/08/22","08/08/22","NO APLICA","NO APLICA"
52172019,"08/08/22","08/08/22","NO APLICA","NO APLICA"
52172020,"08/08/22","08/08/22","NO APLICA","NO APLICA"
52172021,"08/08/22","08/08/22","NO APLICA","NO APLICA"
52172028,"08/08/22","08/08/22","NO APLICA","NO APLICA"
52172029,"08/08/22","08/08/22","NO APLICA","NO APLICA"
52172030,"08/08/22","08/08/22","NO APLICA","NO APLICA"
52172031,"08/08/22","08/08/22","NO APLICA","NO APLICA"
52172032,"08/08/22","08/08/22","NO APLICA","NO APLICA"
52172033,"08/08/22","08/08/22","NO APLICA","NO APLICA"
52172053,"08/08/22","08/08/22","NO APLICA","NO APLICA"
52172054,"08/08/22","08/08/22","NO APLICA","NO APLICA"
52172055,"08/08/22","08/08/22","NO APLICA","NO APLICA"
52172056,"08/08/22","08/08/22","NO APLICA","NO APLICA"
52172052,"08/08/22","08/08/22","NO APLICA","NO APLICA"
52172057,"08/08/22","08/08/22","NO APLICA","NO APLICA"
52172064,"08/08/22","08/08/22","NO APLICA","NO APLICA"
52172065,"08/08/22","08/08/22","NO APLICA","NO APLICA"
52172066,"08/08/22","08/08/22","NO APLICA","NO APLICA"
52172067,"08/08/22","08/08/22","NO APLICA","NO APLICA"
52172068,"08/08/22","08/08/22","NO APLICA","NO APLICA"
52172069,"08/08/22","08/08/22","NO APLICA","NO APLICA"
52172147,"08/08/22","08/08/22","NO APLICA","NO APLICA"
52172148,"08/08/22","08/08/22","NO APLICA","NO APLICA"
52172149,"08/08/22","08/08/22","NO APLICA","NO APLICA"
52172150,"08/08/22","08/08/22","NO APLICA","NO APLICA"
52172151,"08/08/22","08/08/22","NO APLICA","NO APLICA"
52172152,"08/08/22","08/08/22","NO APLICA","NO APLICA"
52172153,"08/08/22","08/08/22","NO APLICA","NO APLICA"
52172154,"08/08/22","08/08/22","NO APLICA","NO APLICA"
52172155,"08/08/22","08/08/22","NO APLICA","NO APLICA"
52172156,"08/08/22","08/08/22","NO APLICA","NO APLICA"
52172157,"08/08/22","08/08/22","NO APLICA","NO APLICA"
52172158,"08/08/22","08/08/22","NO APLICA","NO APLICA"
52172159,"08/08/22","08/08/22","NO APLICA","NO APLICA"
52172160,"08/08/22","08/08/22","NO APLICA","NO APLICA"
52172161,"08/08/22","08/08/22","NO APLICA","NO APLICA"
52172162,"08/08/22","08/08/22","NO APLICA","NO APLICA"
52172163,"08/08/22","08/08/22","NO APLICA","NO APLICA"
52172164,"08/08/22","08/08/22","NO APLICA","NO APLICA"
52172165,"08/08/22","08/08/22","NO APLICA","NO APLICA"
52172166,"08/08/22","08/08/22","NO APLICA","NO APLICA"
52172167,"08/08/22","08/08/22","NO APLICA","NO APLICA"
52172168,"08/08/22","08/08/22","NO APLICA","NO APLICA"
52172169,"08/08/22","08/08/22","NO APLICA","NO APLICA"
52172170,"08/08/22","08/08/22","NO APLICA","NO APLICA"
52172171,"08/08/22","08/08/22","NO APLICA","NO APLICA"
52172172,"08/08/22","08/08/22","NO APLICA","NO APLICA"
52172173,"08/08/22","08/08/22","NO APLICA","NO APLICA"
52172174,"08/08/22","08/08/22","NO APLICA","NO APLICA"
52172175,"08/08/22","08/08/22","NO APLICA","NO APLICA"
52172176,"08/08/22","08/08/22","NO APLICA","NO APLICA"
52172177,"08/08/22","08/08/22","NO APLICA","NO APLICA"
52172183,"08/08/22","08/08/22","NO APLICA","NO APLICA"
52172184,"08/08/22","08/08/22","NO APLICA","NO APLICA"
52172185,"08/08/22","08/08/22","NO APLICA","NO APLICA"
52172186,"08/08/22","08/08/22","NO APLICA","NO APLICA"
52172187,"08/08/22","08/08/22","NO APLICA","NO APLICA"
52172188,"08/08/22","08/08/22","NO APLICA","NO APLICA"
52172195,"08/08/22","08/08/22","NO APLICA","NO APLICA"
52172196,"08/08/22","08/08/22","NO APLICA","NO APLICA"
52172197,"08/08/22","08/08/22","NO APLICA","NO APLICA"
52172198,"08/08/22","08/08/22","NO APLICA","NO APLICA"
52172199,"08/08/22","08/08/22","NO APLICA","NO APLICA"
52172200,"08/08/22","08/08/22","NO APLICA","NO APLICA"
52172207,"08/08/22","08/08/22","NO APLICA","NO APLICA"
52172208,"08/08/22","08/08/22","NO APLICA","NO APLICA"
52172209,"08/08/22","08/08/22","NO APLICA","NO APLICA"
52172210,"08/08/22","08/08/22","NO APLICA","NO APLICA"
52172211,"08/08/22","08/08/22","NO APLICA","NO APLICA"
52172212,"08/08/22","08/08/22","NO APLICA","NO APLICA"
52172213,"08/08/22","08/08/22","NO APLICA","NO APLICA"
52172214,"08/08/22","08/08/22","NO APLICA","NO APLICA"
52172215,"08/08/22","08/08/22","NO APLICA","NO APLICA"
52172216,"08/08/22","08/08/22","NO APLICA","NO APLICA"
52172217,"08/08/22","08/08/22","NO APLICA","NO APLICA"
52172218,"08/08/22","08/08/22","NO APLICA","NO APLICA"
52172219,"08/08/22","08/08/22","NO APLICA","NO APLICA"
52172220,"08/08/22","08/08/22","NO APLICA","NO APLICA"
52172222,"08/08/22","08/08/22","NO APLICA","NO APLICA"
52172223,"08/08/22","08/08/22","NO APLICA","NO APLICA"
52172224,"08/08/22","08/08/22","NO APLICA","NO APLICA"
52172225,"08/08/22","08/08/22","NO APLICA","NO APLICA"
52172221,"08/08/22","08/08/22","NO APLICA","NO APLICA"
52172226,"08/08/22","08/08/22","NO APLICA","NO APLICA"
52172227,"08/08/22","08/08/22","NO APLICA","NO APLICA"
52172228,"08/08/22","08/08/22","NO APLICA","NO APLICA"
52172229,"08/08/22","08/08/22","NO APLICA","NO APLICA"
52172230,"08/08/22","08/08/22","NO APLICA","NO APLICA"
52172231,"08/08/22","08/08/22","NO APLICA","NO APLICA"
52172232,"08/08/22","08/08/22","NO APLICA","NO APLICA"
52172233,"08/08/22","08/08/22","NO APLICA","NO APLICA"
52172234,"08/08/22","08/08/22","NO APLICA","NO APLICA"
52172235,"08/08/22","08/08/22","NO APLICA","NO APLICA"
52172236,"08/08/22","08/08/22","NO APLICA","NO APLICA"
52172237,"08/08/22","08/08/22","NO APLICA","NO APLICA"
52172238,"08/08/22","08/08/22","NO APLICA","NO APLICA"
52172239,"08/08/22","08/08/22","NO APLICA","NO APLICA"
52172240,"08/08/22","08/08/22","NO APLICA","NO APLICA"
52172241,"08/08/22","08/08/22","NO APLICA","NO APLICA"
52172242,"08/08/22","08/08/22","NO APLICA","NO APLICA"
52172243,"08/08/22","08/08/22","NO APLICA","NO APLICA"
52172244,"08/08/22","08/08/22","NO APLICA","NO APLICA"
52172245,"08/08/22","08/08/22","NO APLICA","NO APLICA"
52172246,"08/08/22","08/08/22","NO APLICA","NO APLICA"
52172247,"08/08/22","08/08/22","NO APLICA","NO APLICA"
52172248,"08/08/22","08/08/22","NO APLICA","NO APLICA"
52172249,"08/08/22","08/08/22","NO APLICA","NO APLICA"
52172250,"08/08/22","08/08/22","NO APLICA","NO APLICA"
52172010,"08/08/22","08/08/22","NO APLICA","NO APLICA"
52172011,"08/08/22","08/08/22","NO APLICA","NO APLICA"
52172012,"08/08/22","08/08/22","NO APLICA","NO APLICA"
52172013,"08/08/22","08/08/22","NO APLICA","NO APLICA"
52172014,"08/08/22","08/08/22","NO APLICA","NO APLICA"
52172015,"08/08/22","08/08/22","NO APLICA","NO APLICA"
52172022,"08/08/22","08/08/22","NO APLICA","NO APLICA"
52172023,"08/08/22","08/08/22","NO APLICA","NO APLICA"
52172024,"08/08/22","08/08/22","NO APLICA","NO APLICA"
52172025,"08/08/22","08/08/22","NO APLICA","NO APLICA"
52172026,"08/08/22","08/08/22","NO APLICA","NO APLICA"
52172027,"08/08/22","08/08/22","NO APLICA","NO APLICA"
52172034,"08/08/22","08/08/22","NO APLICA","NO APLICA"
52172035,"08/08/22","08/08/22","NO APLICA","NO APLICA"
52172036,"08/08/22","08/08/22","NO APLICA","NO APLICA"
52172037,"08/08/22","08/08/22","NO APLICA","NO APLICA"
52172038,"08/08/22","08/08/22","NO APLICA","NO APLICA"
52172039,"08/08/22","08/08/22","NO APLICA","NO APLICA"
52172040,"08/08/22","08/08/22","NO APLICA","NO APLICA"
52172041,"08/08/22","08/08/22","NO APLICA","NO APLICA"
52172042,"08/08/22","08/08/22","NO APLICA","NO APLICA"
52172043,"08/08/22","08/08/22","NO APLICA","NO APLICA"
52172044,"08/08/22","08/08/22","NO APLICA","NO APLICA"
52172045,"08/08/22","08/08/22","NO APLICA","NO APLICA"
52172046,"08/08/22","08/08/22","NO APLICA","NO APLICA"
52172047,"08/08/22","08/08/22","NO APLICA","NO APLICA"
52172048,"08/08/22","08/08/22","NO APLICA","NO APLICA"
52172049,"08/08/22","08/08/22","NO APLICA","NO APLICA"
52172050,"08/08/22","08/08/22","NO APLICA","NO APLICA"
52172051,"08/08/22","08/08/22","NO APLICA","NO APLICA"
52172058,"08/08/22","08/08/22","NO APLICA","NO APLICA"
52172059,"08/08/22","08/08/22","NO APLICA","NO APLICA"
52172060,"08/08/22","08/08/22","NO APLICA","NO APLICA"
52172061,"08/08/22","08/08/22","NO APLICA","NO APLICA"
52172062,"08/08/22","08/08/22","NO APLICA","NO APLICA"
52172063,"08/08/22","08/08/22","NO APLICA","NO APLICA"
52172070,"08/08/22","08/08/22","NO APLICA","NO APLICA"
52172071,"08/08/22","08/08/22","NO APLICA","NO APLICA"
52172072,"08/08/22","08/08/22","NO APLICA","NO APLICA"
52172073,"08/08/22","08/08/22","NO APLICA","NO APLICA"
52172074,"08/08/22","08/08/22","NO APLICA","NO APLICA"
52172075,"08/08/22","08/08/22","NO APLICA","NO APLICA"
52172076,"08/08/22","08/08/22","NO APLICA","NO APLICA"
52172077,"08/08/22","08/08/22","NO APLICA","NO APLICA"
52172078,"08/08/22","08/08/22","NO APLICA","NO APLICA"
52172079,"08/08/22","08/08/22","NO APLICA","NO APLICA"
52172080,"08/08/22","08/08/22","NO APLICA","NO APLICA"
52172081,"08/08/22","08/08/22","NO APLICA","NO APLICA"
52172082,"08/08/22","08/08/22","NO APLICA","NO APLICA"
52172083,"08/08/22","08/08/22","NO APLICA","NO APLICA"
52172084,"08/08/22","08/08/22","NO APLICA","NO APLICA"
52172085,"08/08/22","08/08/22","NO APLICA","NO APLICA"
52172086,"08/08/22","08/08/22","NO APLICA","NO APLICA"
52172087,"08/08/22","08/08/22","NO APLICA","NO APLICA"
52172088,"08/08/22","08/08/22","NO APLICA","NO APLICA"
52172089,"08/08/22","08/08/22","NO APLICA","NO APLICA"
52172090,"08/08/22","08/08/22","NO APLICA","NO APLICA"
52172091,"08/08/22","08/08/22","NO APLICA","NO APLICA"
52172092,"08/08/22","08/08/22","NO APLICA","NO APLICA"
52172093,"08/08/22","08/08/22","NO APLICA","NO APLICA"
52172094,"08/08/22","08/08/22","NO APLICA","NO APLICA"
52172095,"08/08/22","08/08/22","NO APLICA","NO APLICA"
52172096,"08/08/22","08/08/22","NO APLICA","NO APLICA"
52172097,"08/08/22","08/08/22","NO APLICA","NO APLICA"
52172098,"08/08/22","08/08/22","NO APLICA","NO APLICA"
52172099,"08/08/22","08/08/22","NO APLICA","NO APLICA"
52172100,"08/08/22","08/08/22","NO APLICA","NO APLICA"
52172101,"08/08/22","08/08/22","NO APLICA","NO APLICA"
52172102,"08/08/22","08/08/22","NO APLICA","NO APLICA"
52172103,"08/08/22","08/08/22","NO APLICA","NO APLICA"
52172104,"08/08/22","08/08/22","NO APLICA","NO APLICA"
52172105,"08/08/22","08/08/22","NO APLICA","NO APLICA"
52172106,"08/08/22","08/08/22","NO APLICA","NO APLICA"
52172107,"08/08/22","08/08/22","NO APLICA","NO APLICA"
52172108,"08/08/22","08/08/22","NO APLICA","NO APLICA"
52172109,"08/08/22","08/08/22","NO APLICA","NO APLICA"
52172110,"08/08/22","08/08/22","NO APLICA","NO APLICA"
52172111,"08/08/22","08/08/22","NO APLICA","NO APLICA"
52172112,"08/08/22","08/08/22","NO APLICA","NO APLICA"
52172113,"08/08/22","08/08/22","NO APLICA","NO APLICA"
52172114,"08/08/22","08/08/22","NO APLICA","NO APLICA"
52172115,"08/08/22","08/08/22","NO APLICA","NO APLICA"
52172116,"08/08/22","08/08/22","NO APLICA","NO APLICA"
52172117,"08/08/22","08/08/22","NO APLICA","NO APLICA"
52172118,"08/08/22","08/08/22","NO APLICA","NO APLICA"
52172119,"08/08/22","08/08/22","NO APLICA","NO APLICA"
52172120,"08/08/22","08/08/22","NO APLICA","NO APLICA"
52172121,"08/08/22","08/08/22","NO APLICA","NO APLICA"
52172122,"08/08/22","08/08/22","NO APLICA","NO APLICA"
52172123,"08/08/22","08/08/22","NO APLICA","NO APLICA"
52172124,"08/08/22","08/08/22","NO APLICA","NO APLICA"
52172125,"08/08/22","08/08/22","NO APLICA","NO APLICA"
52172126,"08/08/22","08/08/22","NO APLICA","NO APLICA"
52172127,"08/08/22","08/08/22","NO APLICA","NO APLICA"
52172128,"08/08/22","08/08/22","NO APLICA","NO APLICA"
52172129,"08/08/22","08/08/22","NO APLICA","NO APLICA"
52172130,"08/08/22","08/08/22","NO APLICA","NO APLICA"
52172131,"08/08/22","08/08/22","NO APLICA","NO APLICA"
52172132,"08/08/22","08/08/22","NO APLICA","NO APLICA"
52172133,"08/08/22","08/08/22","NO APLICA","NO APLICA"
52172134,"08/08/22","08/08/22","NO APLICA","NO APLICA"
52172135,"08/08/22","08/08/22","NO APLICA","NO APLICA"
52172136,"08/08/22","08/08/22","NO APLICA","NO APLICA"
52172137,"08/08/22","08/08/22","NO APLICA","NO APLICA"
52172138,"08/08/22","08/08/22","NO APLICA","NO APLICA"
52172139,"08/08/22","08/08/22","NO APLICA","NO APLICA"
52172140,"08/08/22","08/08/22","NO APLICA","NO APLICA"
52172141,"08/08/22","08/08/22","NO APLICA","NO APLICA"
52172143,"08/08/22","08/08/22","NO APLICA","NO APLICA"
52172144,"08/08/22","08/08/22","NO APLICA","NO APLICA"
52172145,"08/08/22","08/08/22","NO APLICA","NO APLICA"
52172146,"08/08/22","08/08/22","NO APLICA","NO APLICA"
52172142,"08/08/22","08/08/22","NO APLICA","NO APLICA"

