Informaci�n relacionada a:,Gratificaciones, monto bruto y neto, tipo de moneda y su periodicidad
ID,FECHA CREACION, FECHA MODIFICACION,"DENOMINACI�N DE LAS GRATIFICACIONES","MONTO BRUTO DE LAS GRATIFICACIONES","MONTO NETO DE LAS GRATIFICACIONES","TIPO DE MONEDA DE LAS GRATIFICACIONES","PERIODICIDAD DE LAS GRATIFICACIONES"
20090004,"06/07/22","06/07/22","Sueldo Base-Prestaciones Totales","0","0","Pesos Mexicanos","N/A"
20090005,"06/07/22","06/07/22","Sueldo Base-Prestaciones Totales","0","0","Pesos Mexicanos","N/A"
20090006,"06/07/22","06/07/22","Sueldo Base-Prestaciones Totales","0","0","Pesos Mexicanos","N/A"
20090007,"06/07/22","06/07/22","Sueldo Base-Prestaciones Totales","0","0","Pesos Mexicanos","N/A"
20090008,"06/07/22","06/07/22","Sueldo Base-Prestaciones Totales","0","0","Pesos Mexicanos","N/A"
20090009,"06/07/22","06/07/22","Sueldo Base-Prestaciones Totales","0","0","Pesos Mexicanos","N/A"
20090010,"06/07/22","06/07/22","Sueldo Base-Prestaciones Totales","0","0","Pesos Mexicanos","N/A"
20090011,"06/07/22","06/07/22","Sueldo Base-Prestaciones Totales","0","0","Pesos Mexicanos","N/A"
20090012,"06/07/22","06/07/22","Sueldo Base-Prestaciones Totales","0","0","Pesos Mexicanos","N/A"
20090013,"06/07/22","06/07/22","Sueldo Base-Prestaciones Totales","0","0","Pesos Mexicanos","N/A"
20090014,"06/07/22","06/07/22","Sueldo Base-Prestaciones Totales","0","0","Pesos Mexicanos","N/A"
20090019,"06/07/22","06/07/22","Sueldo Base-Prestaciones Totales","0","0","Pesos Mexicanos","N/A"
20090020,"06/07/22","06/07/22","Sueldo Base-Prestaciones Totales","0","0","Pesos Mexicanos","N/A"
20090021,"06/07/22","06/07/22","Sueldo Base-Prestaciones Totales","0","0","Pesos Mexicanos","N/A"
20090022,"06/07/22","06/07/22","Sueldo Base-Prestaciones Totales","0","0","Pesos Mexicanos","N/A"
20090027,"06/07/22","06/07/22","Sueldo Base-Prestaciones Totales","0","0","Pesos Mexicanos","N/A"
20090028,"06/07/22","06/07/22","Sueldo Base-Prestaciones Totales","0","0","Pesos Mexicanos","N/A"
20090029,"06/07/22","06/07/22","Sueldo Base-Prestaciones Totales","0","0","Pesos Mexicanos","N/A"
20090030,"06/07/22","06/07/22","Sueldo Base-Prestaciones Totales","0","0","Pesos Mexicanos","N/A"
20090039,"06/07/22","06/07/22","Sueldo Base-Prestaciones Totales","0","0","Pesos Mexicanos","N/A"
20090040,"06/07/22","06/07/22","Sueldo Base-Prestaciones Totales","0","0","Pesos Mexicanos","N/A"
20090041,"06/07/22","06/07/22","Sueldo Base-Prestaciones Totales","0","0","Pesos Mexicanos","N/A"
20090042,"06/07/22","06/07/22","Sueldo Base-Prestaciones Totales","0","0","Pesos Mexicanos","N/A"
20090051,"06/07/22","06/07/22","Sueldo Base-Prestaciones Totales","0","0","Pesos Mexicanos","N/A"
20090052,"06/07/22","06/07/22","Sueldo Base-Prestaciones Totales","0","0","Pesos Mexicanos","N/A"
20090053,"06/07/22","06/07/22","Sueldo Base-Prestaciones Totales","0","0","Pesos Mexicanos","N/A"
20090054,"06/07/22","06/07/22","Sueldo Base-Prestaciones Totales","0","0","Pesos Mexicanos","N/A"
20090107,"06/07/22","06/07/22","Sueldo Base-Prestaciones Totales","0","0","Pesos Mexicanos","N/A"
20090108,"06/07/22","06/07/22","Sueldo Base-Prestaciones Totales","0","0","Pesos Mexicanos","N/A"
20090109,"06/07/22","06/07/22","Sueldo Base-Prestaciones Totales","0","0","Pesos Mexicanos","N/A"
20090015,"06/07/22","06/07/22","Sueldo Base-Prestaciones Totales","0","0","Pesos Mexicanos","N/A"
20090016,"06/07/22","06/07/22","Sueldo Base-Prestaciones Totales","0","0","Pesos Mexicanos","N/A"
20090017,"06/07/22","06/07/22","Sueldo Base-Prestaciones Totales","0","0","Pesos Mexicanos","N/A"
20090018,"06/07/22","06/07/22","Sueldo Base-Prestaciones Totales","0","0","Pesos Mexicanos","N/A"
20090023,"06/07/22","06/07/22","Sueldo Base-Prestaciones Totales","0","0","Pesos Mexicanos","N/A"
20090024,"06/07/22","06/07/22","Sueldo Base-Prestaciones Totales","0","0","Pesos Mexicanos","N/A"
20090025,"06/07/22","06/07/22","Sueldo Base-Prestaciones Totales","0","0","Pesos Mexicanos","N/A"
20090026,"06/07/22","06/07/22","Sueldo Base-Prestaciones Totales","0","0","Pesos Mexicanos","N/A"
20090031,"06/07/22","06/07/22","Sueldo Base-Prestaciones Totales","0","0","Pesos Mexicanos","N/A"
20090032,"06/07/22","06/07/22","Sueldo Base-Prestaciones Totales","0","0","Pesos Mexicanos","N/A"
20090033,"06/07/22","06/07/22","Sueldo Base-Prestaciones Totales","0","0","Pesos Mexicanos","N/A"
20090034,"06/07/22","06/07/22","Sueldo Base-Prestaciones Totales","0","0","Pesos Mexicanos","N/A"
20090043,"06/07/22","06/07/22","Sueldo Base-Prestaciones Totales","0","0","Pesos Mexicanos","N/A"
20090044,"06/07/22","06/07/22","Sueldo Base-Prestaciones Totales","0","0","Pesos Mexicanos","N/A"
20090045,"06/07/22","06/07/22","Sueldo Base-Prestaciones Totales","0","0","Pesos Mexicanos","N/A"
20090046,"06/07/22","06/07/22","Sueldo Base-Prestaciones Totales","0","0","Pesos Mexicanos","N/A"
20090055,"06/07/22","06/07/22","Sueldo Base-Prestaciones Totales","0","0","Pesos Mexicanos","N/A"
20090035,"06/07/22","06/07/22","Sueldo Base-Prestaciones Totales","0","0","Pesos Mexicanos","N/A"
20090036,"06/07/22","06/07/22","Sueldo Base-Prestaciones Totales","0","0","Pesos Mexicanos","N/A"
20090037,"06/07/22","06/07/22","Sueldo Base-Prestaciones Totales","0","0","Pesos Mexicanos","N/A"
20090038,"06/07/22","06/07/22","Sueldo Base-Prestaciones Totales","0","0","Pesos Mexicanos","N/A"
20090047,"06/07/22","06/07/22","Sueldo Base-Prestaciones Totales","0","0","Pesos Mexicanos","N/A"
20090048,"06/07/22","06/07/22","Sueldo Base-Prestaciones Totales","0","0","Pesos Mexicanos","N/A"
20090049,"06/07/22","06/07/22","Sueldo Base-Prestaciones Totales","0","0","Pesos Mexicanos","N/A"
20090050,"06/07/22","06/07/22","Sueldo Base-Prestaciones Totales","0","0","Pesos Mexicanos","N/A"
20090127,"06/07/22","06/07/22","Sueldo Base-Prestaciones Totales","0","0","Pesos Mexicanos","N/A"
20090128,"06/07/22","06/07/22","Sueldo Base-Prestaciones Totales","0","0","Pesos Mexicanos","N/A"
20090129,"06/07/22","06/07/22","Sueldo Base-Prestaciones Totales","0","0","Pesos Mexicanos","N/A"
20090130,"06/07/22","06/07/22","Sueldo Base-Prestaciones Totales","0","0","Pesos Mexicanos","N/A"
20090119,"06/07/22","06/07/22","Sueldo Base-Prestaciones Totales","0","0","Pesos Mexicanos","N/A"
20090120,"06/07/22","06/07/22","Sueldo Base-Prestaciones Totales","0","0","Pesos Mexicanos","N/A"
20090121,"06/07/22","06/07/22","Sueldo Base-Prestaciones Totales","0","0","Pesos Mexicanos","N/A"
20090122,"06/07/22","06/07/22","Sueldo Base-Prestaciones Totales","0","0","Pesos Mexicanos","N/A"
20090155,"06/07/22","06/07/22","Sueldo Base-Prestaciones Totales","0","0","Pesos Mexicanos","N/A"
20090156,"06/07/22","06/07/22","Sueldo Base-Prestaciones Totales","0","0","Pesos Mexicanos","N/A"
20090157,"06/07/22","06/07/22","Sueldo Base-Prestaciones Totales","0","0","Pesos Mexicanos","N/A"
20090158,"06/07/22","06/07/22","Sueldo Base-Prestaciones Totales","0","0","Pesos Mexicanos","N/A"
20090163,"06/07/22","06/07/22","Sueldo Base-Prestaciones Totales","0","0","Pesos Mexicanos","N/A"
20090164,"06/07/22","06/07/22","Sueldo Base-Prestaciones Totales","0","0","Pesos Mexicanos","N/A"
20090165,"06/07/22","06/07/22","Sueldo Base-Prestaciones Totales","0","0","Pesos Mexicanos","N/A"
20090166,"06/07/22","06/07/22","Sueldo Base-Prestaciones Totales","0","0","Pesos Mexicanos","N/A"
20090171,"06/07/22","06/07/22","Sueldo Base-Prestaciones Totales","0","0","Pesos Mexicanos","N/A"
20090172,"06/07/22","06/07/22","Sueldo Base-Prestaciones Totales","0","0","Pesos Mexicanos","N/A"
20090173,"06/07/22","06/07/22","Sueldo Base-Prestaciones Totales","0","0","Pesos Mexicanos","N/A"
20090174,"06/07/22","06/07/22","Sueldo Base-Prestaciones Totales","0","0","Pesos Mexicanos","N/A"
20090183,"06/07/22","06/07/22","Sueldo Base-Prestaciones Totales","0","0","Pesos Mexicanos","N/A"
20090184,"06/07/22","06/07/22","Sueldo Base-Prestaciones Totales","0","0","Pesos Mexicanos","N/A"
20090191,"06/07/22","06/07/22","Sueldo Base-Prestaciones Totales","0","0","Pesos Mexicanos","N/A"
20090192,"06/07/22","06/07/22","Sueldo Base-Prestaciones Totales","0","0","Pesos Mexicanos","N/A"
20090193,"06/07/22","06/07/22","Sueldo Base-Prestaciones Totales","0","0","Pesos Mexicanos","N/A"
20090194,"06/07/22","06/07/22","Sueldo Base-Prestaciones Totales","0","0","Pesos Mexicanos","N/A"
20090199,"06/07/22","06/07/22","Sueldo Base-Prestaciones Totales","0","0","Pesos Mexicanos","N/A"
20090200,"06/07/22","06/07/22","Sueldo Base-Prestaciones Totales","0","0","Pesos Mexicanos","N/A"
20090201,"06/07/22","06/07/22","Sueldo Base-Prestaciones Totales","0","0","Pesos Mexicanos","N/A"
20090056,"06/07/22","06/07/22","Sueldo Base-Prestaciones Totales","0","0","Pesos Mexicanos","N/A"
20090057,"06/07/22","06/07/22","Sueldo Base-Prestaciones Totales","0","0","Pesos Mexicanos","N/A"
20090058,"06/07/22","06/07/22","Sueldo Base-Prestaciones Totales","0","0","Pesos Mexicanos","N/A"
20090059,"06/07/22","06/07/22","Sueldo Base-Prestaciones Totales","0","0","Pesos Mexicanos","N/A"
20090064,"06/07/22","06/07/22","Sueldo Base-Prestaciones Totales","0","0","Pesos Mexicanos","N/A"
20090065,"06/07/22","06/07/22","Sueldo Base-Prestaciones Totales","0","0","Pesos Mexicanos","N/A"
20090066,"06/07/22","06/07/22","Sueldo Base-Prestaciones Totales","0","0","Pesos Mexicanos","N/A"
20090067,"06/07/22","06/07/22","Sueldo Base-Prestaciones Totales","0","0","Pesos Mexicanos","N/A"
20090072,"06/07/22","06/07/22","Sueldo Base-Prestaciones Totales","0","0","Pesos Mexicanos","N/A"
20090073,"06/07/22","06/07/22","Sueldo Base-Prestaciones Totales","0","0","Pesos Mexicanos","N/A"
20090074,"06/07/22","06/07/22","Sueldo Base-Prestaciones Totales","0","0","Pesos Mexicanos","N/A"
20090075,"06/07/22","06/07/22","Sueldo Base-Prestaciones Totales","0","0","Pesos Mexicanos","N/A"
20090080,"06/07/22","06/07/22","Sueldo Base-Prestaciones Totales","0","0","Pesos Mexicanos","N/A"
20090081,"06/07/22","06/07/22","Sueldo Base-Prestaciones Totales","0","0","Pesos Mexicanos","N/A"
20090082,"06/07/22","06/07/22","Sueldo Base-Prestaciones Totales","0","0","Pesos Mexicanos","N/A"
20090083,"06/07/22","06/07/22","Sueldo Base-Prestaciones Totales","0","0","Pesos Mexicanos","N/A"
20089995,"06/07/22","06/07/22","Sueldo Base-Prestaciones Totales","0","0","Pesos Mexicanos","N/A"
20089996,"06/07/22","06/07/22","Sueldo Base-Prestaciones Totales","0","0","Pesos Mexicanos","N/A"
20089997,"06/07/22","06/07/22","Sueldo Base-Prestaciones Totales","0","0","Pesos Mexicanos","N/A"
20089998,"06/07/22","06/07/22","Sueldo Base-Prestaciones Totales","0","0","Pesos Mexicanos","N/A"
20090060,"06/07/22","06/07/22","Sueldo Base-Prestaciones Totales","0","0","Pesos Mexicanos","N/A"
20090061,"06/07/22","06/07/22","Sueldo Base-Prestaciones Totales","0","0","Pesos Mexicanos","N/A"
20090062,"06/07/22","06/07/22","Sueldo Base-Prestaciones Totales","0","0","Pesos Mexicanos","N/A"
20090063,"06/07/22","06/07/22","Sueldo Base-Prestaciones Totales","0","0","Pesos Mexicanos","N/A"
20090068,"06/07/22","06/07/22","Sueldo Base-Prestaciones Totales","0","0","Pesos Mexicanos","N/A"
20090069,"06/07/22","06/07/22","Sueldo Base-Prestaciones Totales","0","0","Pesos Mexicanos","N/A"
20090070,"06/07/22","06/07/22","Sueldo Base-Prestaciones Totales","0","0","Pesos Mexicanos","N/A"
20090071,"06/07/22","06/07/22","Sueldo Base-Prestaciones Totales","0","0","Pesos Mexicanos","N/A"
20090076,"06/07/22","06/07/22","Sueldo Base-Prestaciones Totales","0","0","Pesos Mexicanos","N/A"
20090077,"06/07/22","06/07/22","Sueldo Base-Prestaciones Totales","0","0","Pesos Mexicanos","N/A"
20090078,"06/07/22","06/07/22","Sueldo Base-Prestaciones Totales","0","0","Pesos Mexicanos","N/A"
20090079,"06/07/22","06/07/22","Sueldo Base-Prestaciones Totales","0","0","Pesos Mexicanos","N/A"
20090084,"06/07/22","06/07/22","Sueldo Base-Prestaciones Totales","0","0","Pesos Mexicanos","N/A"
20090085,"06/07/22","06/07/22","Sueldo Base-Prestaciones Totales","0","0","Pesos Mexicanos","N/A"
20090086,"06/07/22","06/07/22","Sueldo Base-Prestaciones Totales","0","0","Pesos Mexicanos","N/A"
20090087,"06/07/22","06/07/22","Sueldo Base-Prestaciones Totales","0","0","Pesos Mexicanos","N/A"
20090088,"06/07/22","06/07/22","Sueldo Base-Prestaciones Totales","0","0","Pesos Mexicanos","N/A"
20090089,"06/07/22","06/07/22","Sueldo Base-Prestaciones Totales","0","0","Pesos Mexicanos","N/A"
20090090,"06/07/22","06/07/22","Sueldo Base-Prestaciones Totales","0","0","Pesos Mexicanos","N/A"
20090091,"06/07/22","06/07/22","Sueldo Base-Prestaciones Totales","0","0","Pesos Mexicanos","N/A"
20090096,"06/07/22","06/07/22","Sueldo Base-Prestaciones Totales","0","0","Pesos Mexicanos","N/A"
20090097,"06/07/22","06/07/22","Sueldo Base-Prestaciones Totales","0","0","Pesos Mexicanos","N/A"
20090098,"06/07/22","06/07/22","Sueldo Base-Prestaciones Totales","0","0","Pesos Mexicanos","N/A"
20090110,"06/07/22","06/07/22","Sueldo Base-Prestaciones Totales","0","0","Pesos Mexicanos","N/A"
20089999,"06/07/22","06/07/22","Sueldo Base-Prestaciones Totales","0","0","Pesos Mexicanos","N/A"
20090000,"06/07/22","06/07/22","Sueldo Base-Prestaciones Totales","0","0","Pesos Mexicanos","N/A"
20090001,"06/07/22","06/07/22","Sueldo Base-Prestaciones Totales","0","0","Pesos Mexicanos","N/A"
20090002,"06/07/22","06/07/22","Sueldo Base-Prestaciones Totales","0","0","Pesos Mexicanos","N/A"
20090092,"06/07/22","06/07/22","Sueldo Base-Prestaciones Totales","0","0","Pesos Mexicanos","N/A"
20090093,"06/07/22","06/07/22","Sueldo Base-Prestaciones Totales","0","0","Pesos Mexicanos","N/A"
20090094,"06/07/22","06/07/22","Sueldo Base-Prestaciones Totales","0","0","Pesos Mexicanos","N/A"
20090095,"06/07/22","06/07/22","Sueldo Base-Prestaciones Totales","0","0","Pesos Mexicanos","N/A"
20090099,"06/07/22","06/07/22","Sueldo Base-Prestaciones Totales","0","0","Pesos Mexicanos","N/A"
20090100,"06/07/22","06/07/22","Sueldo Base-Prestaciones Totales","0","0","Pesos Mexicanos","N/A"
20090101,"06/07/22","06/07/22","Sueldo Base-Prestaciones Totales","0","0","Pesos Mexicanos","N/A"
20090102,"06/07/22","06/07/22","Sueldo Base-Prestaciones Totales","0","0","Pesos Mexicanos","N/A"
20090103,"06/07/22","06/07/22","Sueldo Base-Prestaciones Totales","0","0","Pesos Mexicanos","N/A"
20090104,"06/07/22","06/07/22","Sueldo Base-Prestaciones Totales","0","0","Pesos Mexicanos","N/A"
20090105,"06/07/22","06/07/22","Sueldo Base-Prestaciones Totales","0","0","Pesos Mexicanos","N/A"
20090106,"06/07/22","06/07/22","Sueldo Base-Prestaciones Totales","0","0","Pesos Mexicanos","N/A"
20090003,"06/07/22","06/07/22","Sueldo Base-Prestaciones Totales","0","0","Pesos Mexicanos","N/A"
20090111,"06/07/22","06/07/22","Sueldo Base-Prestaciones Totales","0","0","Pesos Mexicanos","N/A"
20090112,"06/07/22","06/07/22","Sueldo Base-Prestaciones Totales","0","0","Pesos Mexicanos","N/A"
20090113,"06/07/22","06/07/22","Sueldo Base-Prestaciones Totales","0","0","Pesos Mexicanos","N/A"
20090114,"06/07/22","06/07/22","Sueldo Base-Prestaciones Totales","0","0","Pesos Mexicanos","N/A"
20090115,"06/07/22","06/07/22","Sueldo Base-Prestaciones Totales","0","0","Pesos Mexicanos","N/A"
20090116,"06/07/22","06/07/22","Sueldo Base-Prestaciones Totales","0","0","Pesos Mexicanos","N/A"
20090117,"06/07/22","06/07/22","Sueldo Base-Prestaciones Totales","0","0","Pesos Mexicanos","N/A"
20090118,"06/07/22","06/07/22","Sueldo Base-Prestaciones Totales","0","0","Pesos Mexicanos","N/A"
20090123,"06/07/22","06/07/22","Sueldo Base-Prestaciones Totales","0","0","Pesos Mexicanos","N/A"
20090124,"06/07/22","06/07/22","Sueldo Base-Prestaciones Totales","0","0","Pesos Mexicanos","N/A"
20090125,"06/07/22","06/07/22","Sueldo Base-Prestaciones Totales","0","0","Pesos Mexicanos","N/A"
20090126,"06/07/22","06/07/22","Sueldo Base-Prestaciones Totales","0","0","Pesos Mexicanos","N/A"
20090131,"06/07/22","06/07/22","Sueldo Base-Prestaciones Totales","0","0","Pesos Mexicanos","N/A"
20090132,"06/07/22","06/07/22","Sueldo Base-Prestaciones Totales","0","0","Pesos Mexicanos","N/A"
20090133,"06/07/22","06/07/22","Sueldo Base-Prestaciones Totales","0","0","Pesos Mexicanos","N/A"
20090134,"06/07/22","06/07/22","Sueldo Base-Prestaciones Totales","0","0","Pesos Mexicanos","N/A"
20090139,"06/07/22","06/07/22","Sueldo Base-Prestaciones Totales","0","0","Pesos Mexicanos","N/A"
20090140,"06/07/22","06/07/22","Sueldo Base-Prestaciones Totales","0","0","Pesos Mexicanos","N/A"
20090141,"06/07/22","06/07/22","Sueldo Base-Prestaciones Totales","0","0","Pesos Mexicanos","N/A"
20090142,"06/07/22","06/07/22","Sueldo Base-Prestaciones Totales","0","0","Pesos Mexicanos","N/A"
20090135,"06/07/22","06/07/22","Sueldo Base-Prestaciones Totales","0","0","Pesos Mexicanos","N/A"
20090136,"06/07/22","06/07/22","Sueldo Base-Prestaciones Totales","0","0","Pesos Mexicanos","N/A"
20090137,"06/07/22","06/07/22","Sueldo Base-Prestaciones Totales","0","0","Pesos Mexicanos","N/A"
20090138,"06/07/22","06/07/22","Sueldo Base-Prestaciones Totales","0","0","Pesos Mexicanos","N/A"
20090143,"06/07/22","06/07/22","Sueldo Base-Prestaciones Totales","0","0","Pesos Mexicanos","N/A"
20090144,"06/07/22","06/07/22","Sueldo Base-Prestaciones Totales","0","0","Pesos Mexicanos","N/A"
20090145,"06/07/22","06/07/22","Sueldo Base-Prestaciones Totales","0","0","Pesos Mexicanos","N/A"
20090146,"06/07/22","06/07/22","Sueldo Base-Prestaciones Totales","0","0","Pesos Mexicanos","N/A"
20090147,"06/07/22","06/07/22","Sueldo Base-Prestaciones Totales","0","0","Pesos Mexicanos","N/A"
20090148,"06/07/22","06/07/22","Sueldo Base-Prestaciones Totales","0","0","Pesos Mexicanos","N/A"
20090149,"06/07/22","06/07/22","Sueldo Base-Prestaciones Totales","0","0","Pesos Mexicanos","N/A"
20090150,"06/07/22","06/07/22","Sueldo Base-Prestaciones Totales","0","0","Pesos Mexicanos","N/A"
20090151,"06/07/22","06/07/22","Sueldo Base-Prestaciones Totales","0","0","Pesos Mexicanos","N/A"
20090152,"06/07/22","06/07/22","Sueldo Base-Prestaciones Totales","0","0","Pesos Mexicanos","N/A"
20090153,"06/07/22","06/07/22","Sueldo Base-Prestaciones Totales","0","0","Pesos Mexicanos","N/A"
20090154,"06/07/22","06/07/22","Sueldo Base-Prestaciones Totales","0","0","Pesos Mexicanos","N/A"
20090159,"06/07/22","06/07/22","Sueldo Base-Prestaciones Totales","0","0","Pesos Mexicanos","N/A"
20090160,"06/07/22","06/07/22","Sueldo Base-Prestaciones Totales","0","0","Pesos Mexicanos","N/A"
20090161,"06/07/22","06/07/22","Sueldo Base-Prestaciones Totales","0","0","Pesos Mexicanos","N/A"
20090162,"06/07/22","06/07/22","Sueldo Base-Prestaciones Totales","0","0","Pesos Mexicanos","N/A"
20090167,"06/07/22","06/07/22","Sueldo Base-Prestaciones Totales","0","0","Pesos Mexicanos","N/A"
20090168,"06/07/22","06/07/22","Sueldo Base-Prestaciones Totales","0","0","Pesos Mexicanos","N/A"
20090169,"06/07/22","06/07/22","Sueldo Base-Prestaciones Totales","0","0","Pesos Mexicanos","N/A"
20090170,"06/07/22","06/07/22","Sueldo Base-Prestaciones Totales","0","0","Pesos Mexicanos","N/A"
20090175,"06/07/22","06/07/22","Sueldo Base-Prestaciones Totales","0","0","Pesos Mexicanos","N/A"
20090176,"06/07/22","06/07/22","Sueldo Base-Prestaciones Totales","0","0","Pesos Mexicanos","N/A"
20090177,"06/07/22","06/07/22","Sueldo Base-Prestaciones Totales","0","0","Pesos Mexicanos","N/A"
20090178,"06/07/22","06/07/22","Sueldo Base-Prestaciones Totales","0","0","Pesos Mexicanos","N/A"
20090185,"06/07/22","06/07/22","Sueldo Base-Prestaciones Totales","0","0","Pesos Mexicanos","N/A"
20090186,"06/07/22","06/07/22","Sueldo Base-Prestaciones Totales","0","0","Pesos Mexicanos","N/A"
20090179,"06/07/22","06/07/22","Sueldo Base-Prestaciones Totales","0","0","Pesos Mexicanos","N/A"
20090180,"06/07/22","06/07/22","Sueldo Base-Prestaciones Totales","0","0","Pesos Mexicanos","N/A"
20090181,"06/07/22","06/07/22","Sueldo Base-Prestaciones Totales","0","0","Pesos Mexicanos","N/A"
20090182,"06/07/22","06/07/22","Sueldo Base-Prestaciones Totales","0","0","Pesos Mexicanos","N/A"
20090187,"06/07/22","06/07/22","Sueldo Base-Prestaciones Totales","0","0","Pesos Mexicanos","N/A"
20090188,"06/07/22","06/07/22","Sueldo Base-Prestaciones Totales","0","0","Pesos Mexicanos","N/A"
20090189,"06/07/22","06/07/22","Sueldo Base-Prestaciones Totales","0","0","Pesos Mexicanos","N/A"
20090190,"06/07/22","06/07/22","Sueldo Base-Prestaciones Totales","0","0","Pesos Mexicanos","N/A"
20090195,"06/07/22","06/07/22","Sueldo Base-Prestaciones Totales","0","0","Pesos Mexicanos","N/A"
20090196,"06/07/22","06/07/22","Sueldo Base-Prestaciones Totales","0","0","Pesos Mexicanos","N/A"
20090197,"06/07/22","06/07/22","Sueldo Base-Prestaciones Totales","0","0","Pesos Mexicanos","N/A"
20090198,"06/07/22","06/07/22","Sueldo Base-Prestaciones Totales","0","0","Pesos Mexicanos","N/A"

